codigo,data_votacao,tipo,nome,ano,numero
168842,1991-05-22,PDC,PDC 369/1990,1990,369
168845,1991-05-22,PDC,PDC 370/1990,1990,370
168854,1991-05-22,PDC,PDC 374/1990,1990,374
189389,1991-06-19,PL,PL 1232/1991,1991,1232
234237,1991-06-26,PLP,PLP 181/1989,1989,181
184376,1991-06-27,PL,PL 912/1991,1991,912
167073,1991-06-28,PDC,PDC 66/1991,1991,66
186537,1991-06-28,PL,PL 1050/1991,1991,1050
180097,1991-08-28,PL,PL 638/1991,1991,638
167304,1991-09-04,PDC,PDC 87/1991,1991,87
222606,1991-09-04,PL,PL 4570/1989,1989,4570
189826,1991-09-17,PL,PL 1263/1991,1991,1263
167073,1991-09-19,PDC,PDC 66/1991,1991,66
197594,1991-10-08,PL,PL 1911/1991,1991,1911
224374,1991-10-23,PL,PL 4790/1990,1990,4790
224374,1991-10-29,PL,PL 4790/1990,1990,4790
169313,1991-11-06,PEC,PEC 45/1991,1991,45
167035,1991-11-07,PDC,PDC 63/1991,1991,63
182971,1991-11-28,PL,PL 822/1991,1991,822
196258,1991-12-03,PL,PL 1793/1991,1991,1793
229626,1991-12-03,PL,PL 5996/1990,1990,5996
182971,1991-12-03,PL,PL 822/1991,1991,822
169313,1991-12-04,PEC,PEC 45/1991,1991,45
229626,1991-12-04,PL,PL 5996/1990,1990,5996
169313,1991-12-11,PEC,PEC 45/1991,1991,45
167711,1991-12-12,PDC,PDC 124/1991,1991,124
202770,1991-12-12,PL,PL 2366/1991,1991,2366
200414,1991-12-15,PL,PL 2158/1991,1991,2158
203620,1991-12-16,PL,PL 2452/1991,1991,2452
200379,1991-12-17,PL,PL 2155/1991,1991,2155
20976,1991-12-17,PL,PL 4580/1990,1990,4580
200379,1991-12-18,PL,PL 2155/1991,1991,2155
200425,1991-12-18,PL,PL 2159/1991,1991,2159
203620,1991-12-18,PL,PL 2452/1991,1991,2452
171333,1991-12-18,PL,PL 91/1991,1991,91
169349,1992-03-11,PEC,PEC 61/1990,1990,61
200263,1992-03-18,PL,PL 2145/1991,1991,2145
204916,1992-03-24,PL,PL 2592/1992 STF,1992,2592
169325,1992-03-25,PEC,PEC 51/1990,1990,51
169349,1992-03-25,PEC,PEC 61/1990,1990,61
204916,1992-03-25,PL,PL 2592/1992 STF,1992,2592
169325,1992-03-26,PEC,PEC 51/1990,1990,51
167248,1992-04-01,PDC,PDC 82/1991,1991,82
206375,1992-04-29,PL,PL 2747/1992,1992,2747
222630,1992-04-29,PL,PL 4573/1990,1990,4573
206375,1992-05-06,PL,PL 2747/1992,1992,2747
198511,1992-05-13,PL,PL 1991/1991,1991,1991
169325,1992-05-27,PEC,PEC 51/1990,1990,51
14351,1992-06-03,PEC,PEC 82/1991,1991,82
173076,1992-06-03,PL,PL 202/1991,1991,202
173076,1992-06-04,PL,PL 202/1991,1991,202
173076,1992-06-09,PL,PL 202/1991,1991,202
222630,1992-06-10,PL,PL 4573/1990,1990,4573
14351,1992-06-23,PEC,PEC 82/1991,1991,82
208631,1992-06-24,PL,PL 2990/1992,1992,2990
170038,1992-06-25,PL,PL 8/1991,1991,8
14351,1992-06-30,PEC,PEC 82/1991,1991,82
169325,1992-07-07,PEC,PEC 51/1990,1990,51
169325,1992-07-08,PEC,PEC 51/1990,1990,51
208631,1992-07-09,PL,PL 2990/1992,1992,2990
209009,1992-08-12,PL,PL 3031/1992,1992,3031
167896,1992-09-22,PDC,PDC 141/1991,1991,141
226021,1992-10-21,PL,PL 5051/1990,1990,5051
236082,1992-11-04,PRC,PRC 93/1992,1992,93
189757,1992-11-25,PL,PL 1258/1988,1988,1258
207984,1992-12-02,PL,PL 2920/1992,1992,2920
189757,1992-12-03,PL,PL 1258/1988,1988,1258
189757,1992-12-08,PL,PL 1258/1988,1988,1258
212374,1992-12-16,PL,PL 3399/1992,1992,3399
212262,1992-12-17,PL,PL 3387/1992,1992,3387
212262,1993-01-12,PL,PL 3387/1992,1992,3387
171048,1993-01-12,PL,PL 73/1991,1991,73
169319,1993-01-20,PEC,PEC 48/1991,1991,48
169319,1993-01-21,PEC,PEC 48/1991,1991,48
185209,1993-01-26,PL,PL 965/1991,1991,965
170038,1993-01-27,PL,PL 8/1991,1991,8
169319,1993-01-28,PEC,PEC 48/1991,1991,48
19795,1993-02-01,PL,PL 3519/1993,1993,3519
169319,1993-02-02,PEC,PEC 48/1991,1991,48
213268,1993-02-02,PL,PL 3497/1993,1993,3497
166793,1993-03-02,PDC,PDC 44/1984,1984,44
183001,1993-03-10,PL,PL 824/1991,1991,824
167896,1993-03-31,PDC,PDC 141/1991,1991,141
189757,1993-04-01,PL,PL 1258/1988,1988,1258
192797,1993-04-28,PL,PL 1491/1991,1991,1491
192797,1993-05-05,PL,PL 1491/1991,1991,1491
206879,1993-05-19,PL,PL 2801/1992 CPIECR,1992,2801
223019,1993-05-25,PL,PL 4621/1990,1990,4621
183001,1993-06-02,PL,PL 824/1991,1991,824
215299,1993-06-08,PL,PL 3716/1993,1993,3716
197573,1993-06-15,PL,PL 1909/1991,1991,1909
215299,1993-06-15,PL,PL 3716/1993,1993,3716
214323,1993-06-23,PL,PL 3610/1993,1993,3610
217733,1993-07-07,PL,PL 3984/1993,1993,3984
214323,1993-07-13,PL,PL 3610/1993,1993,3610
216343,1993-09-14,PL,PL 3831/1993,1993,3831
216343,1993-09-15,PL,PL 3831/1993,1993,3831
168480,1993-09-22,PDC,PDC 256/1993,1993,256
219402,1993-09-28,PL,PL 4176/1993,1993,4176
219402,1993-09-29,PL,PL 4176/1993,1993,4176
222544,1993-10-05,PL,PL 4562/1989,1989,4562
15100,1993-10-19,PL,PL 149/1991,1991,149
219864,1993-12-02,PL,PL 4233/1993,1993,4233
219864,1993-12-08,PL,PL 4233/1993,1993,4233
217921,1994-01-12,PL,PL 4005/1993,1993,4005
219783,1994-01-12,PL,PL 4223/1993,1993,4223
13751,1994-02-02,PDC,PDC 383/1993,1993,383
15004,1994-02-08,PL,PL 68/1991,1991,68
219743,1994-02-22,PL,PL 4218/1993,1993,4218
219743,1994-02-23,PL,PL 4218/1993,1993,4218
221164,1994-03-09,PL,PL 4393/1994,1994,4393
219195,1994-03-17,PL,PL 4151/1993,1993,4151
168942,1994-04-20,PDC,PDC 413/1994,1994,413
215260,1994-06-07,PL,PL 3712/1993,1993,3712
172582,1994-06-14,PL,PL 171/1987,1987,171
222186,1994-06-29,PL,PL 4518/1994,1994,4518
25690,1994-07-20,PL,PL 4672/1994,1994,4672
25661,1994-11-23,PL,PL 4386/1994,1994,4386
25712,1994-12-14,PL,PL 4851/1994,1994,4851
21187,1994-12-21,PL,PL 4881/1994,1994,4881
169003,1995-01-17,PDC,PDC 451/1995,1995,451
169005,1995-01-17,PDC,PDC 452/1995,1995,452
237241,1995-01-17,PRC,PRC 229/1994,1994,229
25712,1995-01-18,PL,PL 4851/1994,1994,4851
25767,1995-02-16,PRC,PRC 1/1995,1995,1
17966,1995-03-07,PL,PL 2331/1991,1991,2331
218850,1995-03-15,PL,PL 4109/1993,1993,4109
172316,1995-03-22,PL,PL 154/1995 MPU,1995,154
172949,1995-03-29,PL,PL 194/1995,1995,194
20252,1995-03-29,PL,PL 3804/1993,1993,3804
173565,1995-04-04,PL,PL 233/1995,1995,233
15279,1995-04-04,PL,PL 305/1991,1991,305
173031,1995-04-18,PL,PL 199/1995,1995,199
173031,1995-04-19,PL,PL 199/1995,1995,199
170540,1995-04-26,PL,PL 40/1995,1995,40
168990,1995-04-27,PDC,PDC 443/1994,1994,443
24956,1995-05-02,PEC,PEC 4/1995,1995,4
217705,1995-05-04,PL,PL 3981/1993,1993,3981
24957,1995-05-09,PEC,PEC 5/1995,1995,5
24957,1995-05-10,PEC,PEC 5/1995,1995,5
24956,1995-05-11,PEC,PEC 4/1995,1995,4
24956,1995-05-16,PEC,PEC 4/1995,1995,4
24958,1995-05-16,PEC,PEC 7/1995,1995,7
24958,1995-05-17,PEC,PEC 7/1995,1995,7
24957,1995-05-18,PEC,PEC 5/1995,1995,5
24957,1995-05-23,PEC,PEC 5/1995,1995,5
24955,1995-05-24,PEC,PEC 3/1995,1995,3
24958,1995-05-30,PEC,PEC 7/1995,1995,7
24958,1995-05-31,PEC,PEC 7/1995,1995,7
24955,1995-06-06,PEC,PEC 3/1995,1995,3
169217,1995-06-07,PEC,PEC 6/1995,1995,6
169217,1995-06-20,PEC,PEC 6/1995,1995,6
167392,1995-08-09,PDC,PDC 95/1995,1995,95
175898,1995-08-09,PL,PL 373/1995,1995,373
25661,1995-08-10,PL,PL 4386/1994,1994,4386
25254,1995-08-15,PL,PL 1670/1989,1989,1670
175898,1995-08-15,PL,PL 373/1995,1995,373
21134,1995-08-16,PL,PL 4792/1990,1990,4792
222488,1995-08-17,PL,PL 4555/1994,1994,4555
176729,1995-08-22,PL,PL 426/1995,1995,426
176729,1995-08-24,PL,PL 426/1995,1995,426
172725,1995-08-29,PL,PL 180/1995,1995,180
170652,1995-08-30,PL,PL 47/1995,1995,47
168070,1995-09-12,PDC,PDC 160/1995,1995,160
15684,1995-09-12,PL,PL 642/1995,1995,642
183709,1995-09-12,PL,PL 869/1995,1995,869
172725,1995-09-13,PL,PL 180/1995,1995,180
183709,1995-09-13,PL,PL 869/1995,1995,869
172725,1995-09-14,PL,PL 180/1995,1995,180
24982,1995-09-20,PEC,PEC 182/1994,1994,182
172725,1995-09-27,PL,PL 180/1995,1995,180
24982,1995-09-28,PEC,PEC 182/1994,1994,182
223217,1995-10-05,PL,PL 4645/1994,1994,4645
25185,1995-10-18,PL,PL 1088/1995,1995,1088
25185,1995-10-24,PL,PL 1088/1995,1995,1088
184408,1995-10-31,PL,PL 914/1995,1995,914
233213,1995-10-31,PLP,PLP 9/1995,1995,9
169491,1995-11-01,PEC,PEC 163/1995,1995,163
169491,1995-11-07,PEC,PEC 163/1995,1995,163
169491,1995-11-08,PEC,PEC 163/1995,1995,163
169491,1995-11-22,PEC,PEC 163/1995,1995,163
16111,1995-11-28,PL,PL 992/1995,1995,992
25196,1995-11-29,PL,PL 1236/1995,1995,1236
17139,1995-11-29,PL,PL 1727/1991,1991,1727
235123,1995-11-29,PRC,PRC 21/1995,1995,21
24966,1995-12-05,PEC,PEC 48/1995,1995,48
25196,1995-12-06,PL,PL 1236/1995,1995,1236
184180,1995-12-12,PL,PL 899/1995,1995,899
24966,1995-12-13,PEC,PEC 48/1995,1995,48
184180,1995-12-13,PL,PL 899/1995,1995,899
173046,1996-01-17,PL,PL 200/1995,1995,200
184408,1996-01-17,PL,PL 914/1995,1995,914
173046,1996-01-23,PL,PL 200/1995,1995,200
184180,1996-01-24,PL,PL 899/1995,1995,899
169284,1996-03-05,PEC,PEC 33/1995,1995,33
169284,1996-03-06,PEC,PEC 33/1995,1995,33
183001,1996-03-12,PL,PL 824/1991,1991,824
183001,1996-03-19,PL,PL 824/1991,1991,824
169284,1996-03-20,PEC,PEC 33/1995,1995,33
169284,1996-03-21,PEC,PEC 33/1995,1995,33
183001,1996-04-10,PL,PL 824/1991,1991,824
169262,1996-04-23,PEC,PEC 25/1995,1995,25
24965,1996-04-24,PEC,PEC 41/1991,1991,41
24986,1996-05-07,PEC,PEC 233/1995,1995,233
24965,1996-05-07,PEC,PEC 41/1991,1991,41
190147,1996-05-07,PL,PL 1287/1995,1995,1287
24986,1996-05-08,PEC,PEC 233/1995,1995,233
190147,1996-05-14,PL,PL 1287/1995,1995,1287
169284,1996-05-15,PEC,PEC 33/1995,1995,33
169284,1996-05-21,PEC,PEC 33/1995,1995,33
25037,1996-05-21,PL,PL 102/1995,1995,102
195466,1996-05-21,PL,PL 1724/1996,1996,1724
169284,1996-05-22,PEC,PEC 33/1995,1995,33
169284,1996-05-28,PEC,PEC 33/1995,1995,33
169284,1996-05-29,PEC,PEC 33/1995,1995,33
169284,1996-05-30,PEC,PEC 33/1995,1995,33
218042,1996-06-04,PL,PL 4018/1993,1993,4018
15516,1996-06-04,PL,PL 490/1995,1995,490
169284,1996-06-11,PEC,PEC 33/1995,1995,33
191769,1996-06-11,PL,PL 1409/1996,1996,1409
218042,1996-06-11,PL,PL 4018/1993,1993,4018
169284,1996-06-12,PEC,PEC 33/1995,1995,33
169284,1996-06-18,PEC,PEC 33/1995,1995,33
25037,1996-06-18,PL,PL 102/1995,1995,102
169284,1996-06-19,PEC,PEC 33/1995,1995,33
197870,1996-06-25,PL,PL 1935/1996,1996,1935
235692,1996-06-25,PRC,PRC 60/1995,1995,60
199587,1996-06-26,PL,PL 2085/1996,1996,2085
235692,1996-06-26,PRC,PRC 60/1995,1995,60
189346,1996-07-02,PL,PL 1229/1995,1995,1229
194838,1996-07-03,PL,PL 1669/1996,1996,1669
223777,1996-07-03,PL,PL 4716/1994,1994,4716
187736,1996-07-09,PL,PL 1125/1995,1995,1125
169565,1996-07-10,PEC,PEC 256/1995,1995,256
206879,1996-07-16,PL,PL 2801/1992 CPIECR,1992,2801
169284,1996-07-17,PEC,PEC 33/1995,1995,33
169565,1996-07-24,PEC,PEC 256/1995,1995,256
194838,1996-07-24,PL,PL 1669/1996,1996,1669
25248,1996-08-06,PL,PL 1612/1996,1996,1612
194838,1996-08-06,PL,PL 1669/1996,1996,1669
25059,1996-08-07,PL,PL 201/1995,1995,201
24991,1996-08-14,PEC,PEC 367/1996,1996,367
25363,1996-08-21,PL,PL 2284/1996,1996,2284
202215,1996-09-10,PL,PL 2317/1996,1996,2317
202215,1996-09-11,PL,PL 2317/1996,1996,2317
232425,1996-09-11,PL,PL 7865/1986,1986,7865
196352,1996-10-08,PL,PL 1801/1996,1996,1801
172865,1996-10-08,PL,PL 189/1983,1983,189
196352,1996-10-09,PL,PL 1801/1996,1996,1801
192748,1996-10-15,PL,PL 1487/1996,1996,1487
192748,1996-10-16,PL,PL 1487/1996,1996,1487
25284,1996-10-22,PL,PL 1838/1996,1996,1838
25284,1996-10-23,PL,PL 1838/1996,1996,1838
16869,1996-10-30,PL,PL 1536/1996,1996,1536
25392,1996-10-30,PL,PL 2504/1996,1996,2504
203584,1996-11-19,PL,PL 2448/1996,1996,2448
169535,1996-11-20,PEC,PEC 198/1995,1995,198
203584,1996-11-20,PL,PL 2448/1996,1996,2448
168761,1996-11-21,PDC,PDC 337/1996,1996,337
15802,1996-11-27,PL,PL 738/1995,1995,738
183346,1996-11-27,PL,PL 846/1995,1995,846
186683,1996-12-03,PL,PL 1059/1995,1995,1059
190652,1996-12-03,PL,PL 1325/1995,1995,1325
195466,1996-12-04,PL,PL 1724/1996,1996,1724
189989,1996-12-10,PL,PL 1275/1995,1995,1275
25240,1996-12-10,PL,PL 1564/1996,1996,1564
16329,1996-12-11,PL,PL 1151/1995,1995,1151
189989,1996-12-11,PL,PL 1275/1995,1995,1275
189757,1996-12-17,PL,PL 1258/1988,1988,1258
25414,1997-01-07,PL,PL 2653/1996,1996,2653
187833,1997-01-08,PL,PL 1131/1995,1995,1131
181384,1997-01-08,PL,PL 720/1995 MPU,1995,720
24953,1997-01-28,PEC,PEC 1/1995,1995,1
24953,1997-01-29,PEC,PEC 1/1995,1995,1
24953,1997-02-25,PEC,PEC 1/1995,1995,1
190542,1997-03-11,PL,PL 1317/1988,1988,1317
200231,1997-03-11,PL,PL 2142/1996,1996,2142
189075,1997-03-12,PL,PL 1210/1995,1995,1210
197121,1997-03-12,PL,PL 1869/1996,1996,1869
202239,1997-03-12,PL,PL 2319/1996,1996,2319
189075,1997-03-18,PL,PL 1210/1995,1995,1210
169506,1997-04-01,PEC,PEC 173/1995,1995,173
169506,1997-04-09,PEC,PEC 173/1995,1995,173
169506,1997-04-15,PEC,PEC 173/1995,1995,173
169506,1997-04-16,PEC,PEC 173/1995,1995,173
169506,1997-04-22,PEC,PEC 173/1995,1995,173
169506,1997-04-23,PEC,PEC 173/1995,1995,173
14919,1997-04-30,PL,PL 1/1995,1995,1
169506,1997-05-06,PEC,PEC 173/1995,1995,173
169506,1997-05-07,PEC,PEC 173/1995,1995,173
169506,1997-05-13,PEC,PEC 173/1995,1995,173
169506,1997-05-14,PEC,PEC 173/1995,1995,173
169506,1997-05-20,PEC,PEC 173/1995,1995,173
169506,1997-05-21,PEC,PEC 173/1995,1995,173
168945,1997-05-22,PDC,PDC 414/1997,1997,414
209639,1997-05-27,PL,PL 3100/1997,1997,3100
209639,1997-05-28,PL,PL 3100/1997,1997,3100
169506,1997-06-03,PEC,PEC 173/1995,1995,173
169506,1997-06-04,PEC,PEC 173/1995,1995,173
169506,1997-06-10,PEC,PEC 173/1995,1995,173
169506,1997-06-11,PEC,PEC 173/1995,1995,173
182956,1997-06-11,PL,PL 821/1995,1995,821
169506,1997-06-17,PEC,PEC 173/1995,1995,173
182956,1997-06-18,PL,PL 821/1995,1995,821
182956,1997-06-19,PL,PL 821/1995,1995,821
169506,1997-06-24,PEC,PEC 173/1995,1995,173
17814,1997-06-24,PL,PL 2226/1996,1996,2226
169506,1997-06-25,PEC,PEC 173/1995,1995,173
223608,1997-06-25,PL,PL 4695/1994,1994,4695
169506,1997-07-02,PEC,PEC 173/1995,1995,173
169506,1997-07-03,PEC,PEC 173/1995,1995,173
169506,1997-07-08,PEC,PEC 173/1995,1995,173
169506,1997-07-09,PEC,PEC 173/1995,1995,173
169651,1997-07-10,PEC,PEC 449/1997,1997,449
169651,1997-07-15,PEC,PEC 449/1997,1997,449
169651,1997-07-16,PEC,PEC 449/1997,1997,449
169651,1997-07-17,PEC,PEC 449/1997,1997,449
205889,1997-08-12,PL,PL 2695/1997,1997,2695
210942,1997-08-12,PL,PL 3242/1997,1997,3242
169651,1997-08-13,PEC,PEC 449/1997,1997,449
210942,1997-08-20,PL,PL 3242/1997,1997,3242
236537,1997-08-20,PRC,PRC 136/1997,1997,136
202932,1997-08-26,PL,PL 2381/1996,1996,2381
205889,1997-08-27,PL,PL 2695/1997,1997,2695
205889,1997-08-28,PL,PL 2695/1997,1997,2695
193159,1997-09-03,PL,PL 1521/1996,1996,1521
202932,1997-09-09,PL,PL 2381/1996,1996,2381
193258,1997-09-23,PL,PL 1530/1996,1996,1530
24990,1997-09-24,PEC,PEC 338/1996,1996,338
205889,1997-09-24,PL,PL 2695/1997,1997,2695
193258,1997-09-30,PL,PL 1530/1996,1996,1530
199587,1997-10-07,PL,PL 2085/1996,1996,2085
221429,1997-10-14,PL,PL 4425/1994,1994,4425
221429,1997-10-15,PL,PL 4425/1994,1994,4425
24990,1997-10-22,PEC,PEC 338/1996,1996,338
13948,1997-10-23,PDC,PDC 573/1997,1997,573
169506,1997-11-04,PEC,PEC 173/1995,1995,173
213792,1997-11-05,PL,PL 3553/1997,1997,3553
205824,1997-11-11,PL,PL 2688/1996,1996,2688
19331,1997-11-11,PL,PL 3241/1997,1997,3241
169506,1997-11-12,PEC,PEC 173/1995,1995,173
213792,1997-11-12,PL,PL 3553/1997,1997,3553
169506,1997-11-19,PEC,PEC 173/1995,1995,173
169506,1997-11-20,PEC,PEC 173/1995,1995,173
169506,1997-11-25,PEC,PEC 173/1995,1995,173
169506,1997-11-26,PEC,PEC 173/1995,1995,173
16329,1997-12-04,PL,PL 1151/1995,1995,1151
202620,1997-12-04,PL,PL 2353/1996,1996,2353
217148,1997-12-04,PL,PL 3920/1997,1997,3920
15493,1997-12-04,PL,PL 469/1995,1995,469
233251,1997-12-04,PLP,PLP 14/1995,1995,14
234395,1997-12-09,PLP,PLP 214/1997,1997,214
227532,1997-12-10,PL,PL 5430/1990,1990,5430
217977,1998-01-13,PL,PL 4011/1997,1997,4011
14784,1998-01-20,PEC,PEC 472/1997,1997,472
20632,1998-01-20,PL,PL 4046/1997,1997,4046
234403,1998-01-21,PLP,PLP 216/1998,1998,216
14784,1998-01-27,PEC,PEC 472/1997,1997,472
188347,1998-01-28,PL,PL 1164/1991,1991,1164
173046,1998-02-04,PL,PL 200/1995,1995,200
169284,1998-02-10,PEC,PEC 33/1995,1995,33
169284,1998-02-11,PEC,PEC 33/1995,1995,33
169284,1998-03-04,PEC,PEC 33/1995,1995,33
169284,1998-03-10,PEC,PEC 33/1995,1995,33
169284,1998-03-11,PEC,PEC 33/1995,1995,33
169284,1998-03-12,PEC,PEC 33/1995,1995,33
169284,1998-03-17,PEC,PEC 33/1995,1995,33
169284,1998-03-18,PEC,PEC 33/1995,1995,33
169284,1998-03-19,PEC,PEC 33/1995,1995,33
169284,1998-03-24,PEC,PEC 33/1995,1995,33
169284,1998-03-25,PEC,PEC 33/1995,1995,33
169284,1998-04-29,PEC,PEC 33/1995,1995,33
169284,1998-05-06,PEC,PEC 33/1995,1995,33
169284,1998-05-13,PEC,PEC 33/1995,1995,33
19403,1998-05-19,PL,PL 3283/1997,1997,3283
20793,1998-05-19,PL,PL 4300/1998,1998,4300
169284,1998-05-20,PEC,PEC 33/1995,1995,33
169284,1998-05-26,PEC,PEC 33/1995,1995,33
169284,1998-05-27,PEC,PEC 33/1995,1995,33
169284,1998-06-03,PEC,PEC 33/1995,1995,33
169284,1998-06-04,PEC,PEC 33/1995,1995,33
20637,1998-06-16,PL,PL 4053/1998,1998,4053
169284,1998-06-17,PEC,PEC 33/1995,1995,33
222891,1998-06-24,PL,PL 4605/1998,1998,4605
20992,1998-06-30,PL,PL 4598/1998,1998,4598
25684,1998-06-30,PL,PL 4606/1998,1998,4606
169284,1998-07-01,PEC,PEC 33/1995,1995,33
20992,1998-07-01,PL,PL 4598/1998,1998,4598
25107,1998-08-11,PL,PL 518/1995,1995,518
25684,1998-08-12,PL,PL 4606/1998,1998,4606
218521,1998-10-28,PL,PL 4071/1998,1998,4071
169284,1998-11-04,PEC,PEC 33/1995,1995,33
25684,1998-11-04,PL,PL 4606/1998,1998,4606
25684,1998-11-10,PL,PL 4606/1998,1998,4606
224196,1998-11-10,PL,PL 4769/1998,1998,4769
164816,1998-11-11,MSC,MSC 910/1997,1997,910
25003,1998-11-18,PEC,PEC 526/1997,1997,526
216971,1998-11-25,PL,PL 3901/1997,1997,3901
218521,1998-11-25,PL,PL 4071/1998,1998,4071
169284,1998-12-01,PEC,PEC 33/1995,1995,33
40925,1998-12-08,PL,PL 3066/1997,1997,3066
14049,1999-01-05,PDC,PDC 658/1998,1998,658
165032,1999-01-06,MSC,MSC 1502/1998,1998,1502
164517,1999-01-06,MSC,MSC 627/1998,1998,627
25003,1999-01-06,PEC,PEC 526/1997,1997,526
218521,1999-01-06,PL,PL 4071/1998,1998,4071
38141,1999-01-12,PL,PL 4812/1998,1998,4812
208355,1999-01-19,PL,PL 2960/1997,1997,2960
25586,1999-01-19,PL,PL 3651/1997,1997,3651
38147,1999-01-20,PL,PL 4898/1999,1999,4898
38141,1999-01-26,PL,PL 4812/1998,1998,4812
13303,1999-02-24,MSC,MSC 1125/1998,1998,1125
38099,1999-02-24,PL,PL 2737/1997,1997,2737
38135,1999-02-24,PL,PL 4690/1998,1998,4690
25011,1999-03-09,PEC,PEC 637/1999,1999,637
38107,1999-03-09,PL,PL 3769/1997,1997,3769
25011,1999-03-10,PEC,PEC 637/1999,1999,637
25770,1999-03-16,PRC,PRC 5/1999,1999,5
25011,1999-03-18,PEC,PEC 637/1999,1999,637
164816,1999-03-24,MSC,MSC 910/1997,1997,910
24109,1999-03-24,MSC,MSC 99/1996 => PL 4904/1995,1996,99
41086,1999-04-15,PL,PL 3599/1997,1997,3599
25468,1999-04-28,PL,PL 2942/1992,1992,2942
14919,1999-05-12,PL,PL 1/1995,1995,1
38162,1999-05-18,PL,PL 4811/1998,1998,4811
40855,1999-05-18,PLP,PLP 250/1998,1998,250
25803,1999-05-18,REC,REC 20/1999,1999,20
14784,1999-05-19,PEC,PEC 472/1997,1997,472
14784,1999-05-26,PEC,PEC 472/1997,1997,472
25000,1999-05-26,PEC,PEC 498/1997,1997,498
25008,1999-05-26,PEC,PEC 626/1998,1998,626
25008,1999-06-08,PEC,PEC 626/1998,1998,626
25008,1999-06-09,PEC,PEC 626/1998,1998,626
38136,1999-06-09,PL,PL 4693/1998,1998,4693
21063,1999-06-09,PL,PL 4695/1998,1998,4695
38136,1999-06-15,PL,PL 4693/1998,1998,4693
25134,1999-06-15,PL,PL 787/1999,1999,787
38138,1999-06-16,PL,PL 4736/1998,1998,4736
38139,1999-06-16,PL,PL 4767/1998,1998,4767
180174,1999-06-22,PL,PL 643/1988,1988,643
168217,1999-06-23,PDC,PDC 186/1999,1999,186
21616,1999-08-17,PLP,PLP 248/1998,1998,248
40635,1999-08-18,PL,PL 4895/1999,1999,4895
38156,1999-08-24,PLP,PLP 24/1999,1999,24
38156,1999-08-25,PLP,PLP 24/1999,1999,24
38156,1999-09-14,PLP,PLP 24/1999,1999,24
40635,1999-09-15,PL,PL 4895/1999,1999,4895
38167,1999-10-06,PL,PL 1527/1999,1999,1527
38127,1999-10-07,PL,PL 4224/1998,1998,4224
38158,1999-10-19,PL,PL 755/1999,1999,755
25396,1999-10-20,PL,PL 2514/1996,1996,2514
38137,1999-10-21,PL,PL 4694/1998,1998,4694
238067,1999-10-26,RCP,RCP 10/1995,1995,10
13610,1999-10-27,PDC,PDC 233/1999,1999,233
24979,1999-10-27,PEC,PEC 169/1993,1993,169
25009,1999-10-27,PEC,PEC 627/1998,1998,627
38170,1999-11-09,PL,PL 1699/1999,1999,1699
38162,1999-11-09,PL,PL 4811/1998,1998,4811
24970,1999-11-10,PEC,PEC 82/1995,1995,82
38162,1999-11-10,PL,PL 4811/1998,1998,4811
15824,1999-11-16,PL,PL 752/1999,1999,752
38161,1999-11-16,PL,PL 934/1999,1999,934
21344,1999-11-16,PLP,PLP 23/1999,1999,23
24964,1999-11-17,PEC,PEC 33/1999,1999,33
25009,1999-11-23,PEC,PEC 627/1998,1998,627
38149,1999-11-23,PL,PL 88/1999,1999,88
24993,1999-11-24,PEC,PEC 407/1996,1996,407
21322,1999-11-24,PLP,PLP 10/1999,1999,10
21320,1999-11-30,PLP,PLP 8/1999,1999,8
24964,1999-12-01,PEC,PEC 33/1999,1999,33
21322,1999-12-01,PLP,PLP 10/1999,1999,10
24993,1999-12-07,PEC,PEC 407/1996,1996,407
38101,1999-12-07,PLP,PLP 149/1997,1997,149
24971,1999-12-08,PEC,PEC 85/1999,1999,85
233725,1999-12-09,PLP,PLP 83/1999,1999,83
18886,1999-12-14,PL,PL 2961/1997,1997,2961
21320,1999-12-15,PLP,PLP 8/1999,1999,8
25007,2000-01-11,PEC,PEC 601/1998,1998,601
25747,2000-01-11,PLP,PLP 90/1999,1999,90
24971,2000-01-12,PEC,PEC 85/1999,1999,85
38169,2000-01-18,PL,PL 1617/1999,1999,1617
38154,2000-01-18,PLP,PLP 18/1999,1999,18
14373,2000-01-19,PEC,PEC 96/1992,1992,96
38154,2000-01-19,PLP,PLP 18/1999,1999,18
14373,2000-01-25,PEC,PEC 96/1992,1992,96
38154,2000-01-25,PLP,PLP 18/1999,1999,18
25007,2000-01-26,PEC,PEC 601/1998,1998,601
24971,2000-01-26,PEC,PEC 85/1999,1999,85
24959,2000-02-01,PEC,PEC 7/1999,1999,7
38154,2000-02-01,PLP,PLP 18/1999,1999,18
24959,2000-02-02,PEC,PEC 7/1999,1999,7
14373,2000-02-02,PEC,PEC 96/1992,1992,96
14373,2000-02-03,PEC,PEC 96/1992,1992,96
14373,2000-02-08,PEC,PEC 96/1992,1992,96
14373,2000-02-09,PEC,PEC 96/1992,1992,96
14373,2000-02-10,PEC,PEC 96/1992,1992,96
14373,2000-02-22,PEC,PEC 96/1992,1992,96
14373,2000-02-23,PEC,PEC 96/1992,1992,96
40841,2000-02-24,PDC,PDC 341/1999,1999,341
14373,2000-02-29,PEC,PEC 96/1992,1992,96
14373,2000-03-15,PEC,PEC 96/1992,1992,96
14373,2000-03-16,PEC,PEC 96/1992,1992,96
14373,2000-03-21,PEC,PEC 96/1992,1992,96
14373,2000-03-22,PEC,PEC 96/1992,1992,96
21713,2000-03-22,PRC,PRC 72/2000,2000,72
14373,2000-03-23,PEC,PEC 96/1992,1992,96
14373,2000-03-28,PEC,PEC 96/1992,1992,96
14373,2000-03-29,PEC,PEC 96/1992,1992,96
14373,2000-04-04,PEC,PEC 96/1992,1992,96
14373,2000-04-05,PEC,PEC 96/1992,1992,96
14373,2000-04-06,PEC,PEC 96/1992,1992,96
14373,2000-04-11,PEC,PEC 96/1992,1992,96
14373,2000-04-12,PEC,PEC 96/1992,1992,96
25403,2000-04-18,PL,PL 2549/2000,2000,2549
25403,2000-04-25,PL,PL 2549/2000,2000,2549
25752,2000-04-25,PLP,PLP 113/2000,2000,113
25752,2000-05-03,PLP,PLP 113/2000,2000,113
38155,2000-05-09,PL,PL 621/1999,1999,621
25753,2000-05-16,PLP,PLP 114/2000,2000,114
24959,2000-05-17,PEC,PEC 7/1999,1999,7
38155,2000-05-17,PL,PL 621/1999,1999,621
21321,2000-05-24,PLP,PLP 9/1999,1999,9
14425,2000-05-30,PEC,PEC 128/1995,1995,128
14373,2000-05-31,PEC,PEC 96/1992,1992,96
14373,2000-06-01,PEC,PEC 96/1992,1992,96
14373,2000-06-06,PEC,PEC 96/1992,1992,96
14373,2000-06-07,PEC,PEC 96/1992,1992,96
16713,2000-06-14,PL,PL 1428/1999,1999,1428
25633,2000-06-14,PL,PL 4155/1998,1998,4155
14425,2000-06-27,PEC,PEC 128/1995,1995,128
25533,2000-06-27,PL,PL 3310/1997,1997,3310
24889,2000-08-01,PDC,PDC 240/1999,1999,240
21344,2000-08-02,PLP,PLP 23/1999,1999,23
24993,2000-08-08,PEC,PEC 407/1996,1996,407
25533,2000-08-09,PL,PL 3310/1997,1997,3310
24993,2000-08-22,PEC,PEC 407/1996,1996,407
21321,2000-11-28,PLP,PLP 9/1999,1999,9
21321,2000-11-29,PLP,PLP 9/1999,1999,9
25596,2000-11-30,PL,PL 3756/2000,2000,3756
169561,2000-12-05,PEC,PEC 249/2000,2000,249
25596,2000-12-05,PL,PL 3756/2000,2000,3756
16976,2000-12-06,PL,PL 1615/1999,1999,1615
25605,2000-12-06,PL,PL 3837/2000,2000,3837
25762,2000-12-06,PLP,PLP 220/1998,1998,220
25745,2000-12-06,PLP,PLP 77/1999,1999,77
169561,2000-12-13,PEC,PEC 249/2000,2000,249
25518,2000-12-13,PL,PL 3156/2000,2000,3156
21486,2001-02-06,PLP,PLP 116/2000,2000,116
21486,2001-02-20,PLP,PLP 116/2000,2000,116
22045,2001-02-20,REC,REC 113/2000 => PL 5788/1990,2000,113
20162,2001-03-13,PL,PL 3755/2000,2000,3755
17715,2001-03-20,PL,PL 2155/1999,1999,2155
19804,2001-03-21,PL,PL 3524/2000,2000,3524
20004,2001-03-27,PL,PL 3657/1989,1989,3657
19125,2001-03-28,PL,PL 3115/1997,1997,3115
19978,2001-03-28,PL,PL 3639/2000,2000,3639
21344,2001-04-03,PLP,PLP 23/1999,1999,23
20588,2001-04-04,PL,PL 3998/2001,2001,3998
26378,2001-04-04,PL,PL 4177/2001,2001,4177
21320,2001-04-17,PLP,PLP 8/1999,1999,8
21320,2001-04-18,PLP,PLP 8/1999,1999,8
21320,2001-04-24,PLP,PLP 8/1999,1999,8
21322,2001-04-25,PLP,PLP 10/1999,1999,10
26551,2001-05-15,PL,PL 4210/2001,2001,4210
26057,2001-05-16,PLP,PLP 177/2001,2001,177
26057,2001-05-17,PLP,PLP 177/2001,2001,177
26057,2001-05-22,PLP,PLP 177/2001,2001,177
26057,2001-05-23,PLP,PLP 177/2001,2001,177
27191,2001-05-23,PLP,PLP 195/2001,2001,195
27191,2001-05-29,PLP,PLP 195/2001,2001,195
27191,2001-05-30,PLP,PLP 195/2001,2001,195
14784,2001-06-06,PEC,PEC 472/1997,1997,472
21955,2001-06-07,REC,REC 52/1999,1999,52
17146,2001-06-19,PL,PL 1733/1996,1996,1733
19333,2001-06-19,PL,PL 3242/2000,2000,3242
14784,2001-06-20,PEC,PEC 472/1997,1997,472
19377,2001-06-20,PL,PL 3267/2000,2000,3267
29477,2001-08-01,MSC,MSC 527/2001,2001,527
14784,2001-08-01,PEC,PEC 472/1997,1997,472
26352,2001-08-07,PL,PL 4143/2001,2001,4143
29133,2001-08-16,REC,REC 144/2001,2001,144
32149,2001-08-21,PRC,PRC 176/2001,2001,176
14694,2001-08-22,PEC,PEC 308/1996,1996,308
21551,2001-08-22,PLP,PLP 155/2000,2000,155
21611,2001-08-22,PLP,PLP 242/1998,1998,242
21321,2001-08-28,PLP,PLP 9/1999,1999,9
21321,2001-08-29,PLP,PLP 9/1999,1999,9
21758,2001-09-04,PRC,PRC 106/1992,1992,106
21758,2001-09-05,PRC,PRC 106/1992,1992,106
21321,2001-09-19,PLP,PLP 9/1999,1999,9
14694,2001-09-25,PEC,PEC 308/1996,1996,308
14647,2001-10-02,PEC,PEC 277/2000,2000,277
21758,2001-10-03,PRC,PRC 106/1992,1992,106
14647,2001-10-10,PEC,PEC 277/2000,2000,277
13749,2001-10-17,PDC,PDC 381/1999,1999,381
14570,2001-10-17,PEC,PEC 222/2000,2000,222
14665,2001-10-23,PEC,PEC 289/2000,2000,289
21321,2001-10-23,PLP,PLP 9/1999,1999,9
21321,2001-10-30,PLP,PLP 9/1999,1999,9
14848,2001-11-06,PEC,PEC 610/1998,1998,610
33846,2001-11-07,PL,PL 5470/2001,2001,5470
21321,2001-11-07,PLP,PLP 9/1999,1999,9
33868,2001-11-27,PL,PL 5483/2001,2001,5483
33868,2001-11-28,PL,PL 5483/2001,2001,5483
33868,2001-12-04,PL,PL 5483/2001,2001,5483
14570,2001-12-05,PEC,PEC 222/2000,2000,222
14848,2001-12-05,PEC,PEC 610/1998,1998,610
37642,2001-12-06,MPV,MPV 7/2001,2001,7
37642,2001-12-11,MPV,MPV 7/2001,2001,7
14541,2001-12-11,PEC,PEC 203/1995,1995,203
26378,2001-12-11,PL,PL 4177/2001,2001,4177
33846,2001-12-12,PL,PL 5470/2001,2001,5470
26523,2001-12-12,PLP,PLP 183/2001,2001,183
32428,2002-02-20,PEC,PEC 407/2001,2001,407
41618,2002-02-26,MPV,MPV 11/2001,2001,11
14541,2002-02-26,PEC,PEC 203/1995,1995,203
32428,2002-02-27,PEC,PEC 407/2001,2001,407
26553,2002-03-06,PL,PL 4203/2001,2001,4203
26553,2002-03-12,PL,PL 4203/2001,2001,4203
32428,2002-03-19,PEC,PEC 407/2001,2001,407
32428,2002-03-20,PEC,PEC 407/2001,2001,407
44297,2002-04-10,MPV,MPV 14/2001,2001,14
44311,2002-04-11,MPV,MPV 15/2001,2001,15
44740,2002-04-16,MPV,MPV 16/2001,2001,16
44958,2002-04-17,MPV,MPV 22/2002,2002,22
44963,2002-04-17,MPV,MPV 26/2002,2002,26
14665,2002-04-23,PEC,PEC 289/2000,2000,289
32428,2002-04-23,PEC,PEC 407/2001,2001,407
45845,2002-04-24,REC,REC 211/2002 => PDC 1621/2002,2002,211
16176,2002-05-09,PL,PL 1037/1999,1999,1037
53368,2002-06-18,REC,REC 238/2002,2002,238
65213,2002-11-05,MPV,MPV 44/2002,2002,44
89577,2002-11-27,MPV,MPV 70/2002,2002,70
69840,2002-12-11,MPV,MPV 66/2002,2002,66
51232,2002-12-11,PL,PL 6770/2002,2002,6770
98814,2002-12-11,PLP,PLP 347/2002,2002,347
100739,2002-12-11,PLP,PLP 349/2002,2002,349
59119,2002-12-12,PEC,PEC 559/2002,2002,559
51232,2002-12-12,PL,PL 6770/2002,2002,6770
59119,2002-12-18,PEC,PEC 559/2002,2002,559
21306,2002-12-18,PLP,PLP 1/1991,1991,1
43617,2002-12-18,PLP,PLP 275/2001,2001,275
43733,2003-02-25,MSC,MSC 48/2002,2002,48
102704,2003-02-26,MPV,MPV 80/2002,2002,80
102569,2003-03-12,MPV,MPV 79/2002,2002,79
102569,2003-03-18,MPV,MPV 79/2002,2002,79
18480,2003-03-19,PL,PL 2681/1996,1996,2681
104934,2003-03-26,MPV,MPV 82/2002,2002,82
105445,2003-04-01,MPV,MPV 86/2002,2002,86
14312,2003-04-02,PEC,PEC 53/1999,1999,53
105506,2003-04-08,MPV,MPV 106/2003,2003,106
105503,2003-04-15,MPV,MPV 103/2003,2003,103
105490,2003-04-22,MPV,MPV 94/2002,2002,94
105504,2003-04-23,MPV,MPV 104/2003,2003,104
104934,2003-04-23,MPV,MPV 82/2002,2002,82
105507,2003-04-29,MPV,MPV 107/2003,2003,107
105507,2003-04-30,MPV,MPV 107/2003,2003,107
105507,2003-05-06,MPV,MPV 107/2003,2003,107
14312,2003-05-15,PEC,PEC 53/1999,1999,53
111346,2003-05-20,MPV,MPV 114/2003,2003,114
112201,2003-05-22,MPV,MPV 116/2003,2003,116
105507,2003-05-27,MPV,MPV 107/2003,2003,107
112201,2003-05-28,MPV,MPV 116/2003,2003,116
112202,2003-05-28,MPV,MPV 117/2003,2003,117
112202,2003-05-29,MPV,MPV 117/2003,2003,117
112203,2003-06-03,MPV,MPV 118/2003,2003,118
116719,2003-06-04,MSC,MSC 199/2003 => PEC 175/1995,2003,199
115155,2003-06-04,PLP,PLP 41/2003,2003,41
116897,2003-06-10,PL,PL 1083/2003,2003,1083
116898,2003-06-10,PL,PL 1084/2003,2003,1084
116898,2003-06-11,PL,PL 1084/2003,2003,1084
104464,2003-06-12,PL,PL 58/2003,2003,58
119684,2003-06-12,PLP,PLP 58/2003,2003,58
20125,2003-06-25,PL,PL 3731/1997,1997,3731
14692,2003-07-02,PEC,PEC 306/2000,2000,306
121433,2003-07-29,MPV,MPV 120/2003,2003,120
14692,2003-07-30,PEC,PEC 306/2000,2000,306
19706,2003-07-30,PL,PL 3464/2000,2000,3464
66837,2003-07-30,PL,PL 7136/2002,2002,7136
126143,2003-07-30,PLP,PLP 73/2003,2003,73
125572,2003-07-31,PLP,PLP 72/2003,2003,72
113716,2003-08-05,PEC,PEC 40/2003,2003,40
113716,2003-08-06,PEC,PEC 40/2003,2003,40
113716,2003-08-07,PEC,PEC 40/2003,2003,40
124115,2003-08-12,MPV,MPV 121/2003,2003,121
124116,2003-08-12,MPV,MPV 122/2003,2003,122
113716,2003-08-13,PEC,PEC 40/2003,2003,40
20969,2003-08-19,PL,PL 4572/1998,1998,4572
113716,2003-08-26,PEC,PEC 40/2003,2003,40
113716,2003-08-27,PEC,PEC 40/2003,2003,40
126040,2003-08-28,MPV,MPV 124/2003,2003,124
113717,2003-09-02,PEC,PEC 41/2003,2003,41
113717,2003-09-03,PEC,PEC 41/2003,2003,41
113717,2003-09-04,PEC,PEC 41/2003,2003,41
113717,2003-09-10,PEC,PEC 41/2003,2003,41
127970,2003-09-15,MPV,MPV 125/2003,2003,125
127970,2003-09-16,MPV,MPV 125/2003,2003,125
127989,2003-09-16,MPV,MPV 126/2003,2003,126
113717,2003-09-16,PEC,PEC 41/2003,2003,41
113717,2003-09-17,PEC,PEC 41/2003,2003,41
113717,2003-09-24,PEC,PEC 41/2003,2003,41
124899,2003-10-01,PL,PL 1503/2003,2003,1503
125572,2003-10-08,PLP,PLP 72/2003,2003,72
20846,2003-10-15,PL,PL 4376/1993,1993,4376
125572,2003-10-15,PLP,PLP 72/2003,2003,72
125878,2003-10-23,PL,PL 1555/2003,2003,1555
132375,2003-10-28,PL,PL 1936/2003,2003,1936
135255,2003-11-12,MPV,MPV 131/2003,2003,131
26694,2003-11-18,PL,PL 4285/2001,2001,4285
31767,2003-11-18,PL,PL 5073/2001,2001,5073
14614,2003-11-19,PEC,PEC 254/2000,2000,254
54307,2003-11-19,PEC,PEC 544/2002,2002,544
107630,2003-11-19,PL,PL 475/2003,2003,475
133825,2003-11-25,MPV,MPV 129/2003,2003,129
133827,2003-11-25,MPV,MPV 130/2003,2003,130
130914,2003-11-26,PL,PL 1840/2003,2003,1840
14832,2003-12-02,PEC,PEC 575/1998,1998,575
130914,2003-12-02,PL,PL 1840/2003,2003,1840
32147,2003-12-03,PLP,PLP 224/2001,2001,224
21391,2003-12-03,PLP,PLP 52/1999,1999,52
138604,2003-12-17,MPV,MPV 132/2003,2003,132
139375,2003-12-17,MPV,MPV 133/2003,2003,133
140406,2003-12-18,MPV,MPV 135/2003,2003,135
14614,2003-12-18,PEC,PEC 254/2000,2000,254
143020,2004-01-21,MPV,MPV 136/2003,2003,136
140375,2004-01-21,PL,PL 2401/2003,2003,2401
144047,2004-01-21,PL,PL 2546/2003,2003,2546
106616,2004-01-22,PDC,PDC 13/2003,2003,13
147818,2004-01-27,MPV,MPV 139/2003,2003,139
147818,2004-01-28,MPV,MPV 139/2003,2003,139
148775,2004-01-28,MPV,MPV 144/2003,2003,144
147818,2004-02-03,MPV,MPV 139/2003,2003,139
145549,2004-02-03,MPV,MPV 140/2003,2003,140
140375,2004-02-04,PL,PL 2401/2003,2003,2401
140375,2004-02-05,PL,PL 2401/2003,2003,2401
153158,2004-02-17,MSC,MSC 62/2004,2004,62
145549,2004-03-02,MPV,MPV 140/2003,2003,140
148770,2004-03-03,MPV,MPV 143/2003,2003,143
149109,2004-03-09,MPV,MPV 141/2003,2003,141
149101,2004-03-10,MPV,MPV 148/2003,2003,148
150358,2004-03-11,MPV,MPV 154/2003,2003,154
151648,2004-03-11,MPV,MPV 161/2004,2004,161
149095,2004-03-23,MPV,MPV 147/2003,2003,147
154538,2004-03-23,MPV,MPV 168/2004,2004,168
150410,2004-03-24,PEC,PEC 228/2004,2004,228
14614,2004-03-24,PEC,PEC 254/2000,2000,254
14832,2004-03-24,PEC,PEC 575/1998,1998,575
153730,2004-03-30,MPV,MPV 165/2004,2004,165
154538,2004-03-30,MPV,MPV 168/2004,2004,168
150410,2004-03-31,PEC,PEC 228/2004,2004,228
150357,2004-04-06,MPV,MPV 153/2003,2003,153
150357,2004-04-13,MPV,MPV 153/2003,2003,153
150373,2004-04-13,MPV,MPV 160/2003,2003,160
150357,2004-04-14,MPV,MPV 153/2003,2003,153
150357,2004-04-27,MPV,MPV 153/2003,2003,153
150359,2004-04-27,MPV,MPV 155/2003,2003,155
154465,2004-04-28,MPV,MPV 166/2004,2004,166
154528,2004-05-04,MPV,MPV 167/2004,2004,167
154528,2004-05-05,MPV,MPV 167/2004,2004,167
154539,2004-05-05,MPV,MPV 169/2004,2004,169
252088,2004-05-12,MSC,MSC 205/2004,2004,205
252302,2004-05-12,MSC,MSC 210/2004,2004,210
130685,2004-05-12,MSC,MSC 411/2003,2003,411
97884,2004-05-12,PEC,PEC 574/2002,2002,574
251745,2004-05-12,PL,PL 3476/2004,2004,3476
159554,2004-05-19,MPV,MPV 179/2004,2004,179
120186,2004-05-19,PEC,PEC 101/2003,2003,101
97884,2004-05-26,PEC,PEC 574/2002,2002,574
140174,2004-06-01,PL,PL 2399/2003,2003,2399
126541,2004-06-01,PLP,PLP 76/2003,2003,76
251072,2004-06-02,MPV,MPV 182/2004,2004,182
158197,2004-06-08,MPV,MPV 177/2004,2004,177
158197,2004-06-15,MPV,MPV 177/2004,2004,177
251072,2004-06-23,MPV,MPV 182/2004,2004,182
251120,2004-07-05,MPV,MPV 183/2004,2004,183
251120,2004-07-06,MPV,MPV 183/2004,2004,183
251120,2004-07-07,MPV,MPV 183/2004,2004,183
150399,2004-07-08,PEC,PEC 227/2004,2004,227
36162,2004-08-11,PEC,PEC 438/2001,2001,438
140174,2004-08-11,PL,PL 2399/2003,2003,2399
258267,2004-08-11,PLP,PLP 188/2004,2004,188
109175,2004-08-11,PLP,PLP 22/2003,2003,22
126541,2004-08-11,PLP,PLP 76/2003,2003,76
257781,2004-08-24,MPV,MPV 191/2004,2004,191
258595,2004-08-25,MPV,MPV 192/2004,2004,192
258595,2004-09-14,MPV,MPV 192/2004,2004,192
257781,2004-10-06,MPV,MPV 191/2004,2004,191
258595,2004-10-19,MPV,MPV 192/2004,2004,192
259289,2004-10-19,MPV,MPV 194/2004,2004,194
259400,2004-10-19,MPV,MPV 195/2004,2004,195
259613,2004-10-20,MPV,MPV 196/2004,2004,196
259613,2004-10-26,MPV,MPV 196/2004,2004,196
259613,2004-11-09,MPV,MPV 196/2004,2004,196
260897,2004-11-17,MPV,MPV 198/2004,2004,198
260897,2004-11-23,MPV,MPV 198/2004,2004,198
260950,2004-11-24,MPV,MPV 200/2004,2004,200
261022,2004-11-24,MPV,MPV 201/2004,2004,201
261463,2004-11-30,MPV,MPV 206/2004,2004,206
262198,2004-11-30,MPV,MPV 207/2004,2004,207
262198,2004-12-01,MPV,MPV 207/2004,2004,207
262712,2004-12-01,MPV,MPV 208/2004,2004,208
265572,2004-12-08,MPV,MPV 219/2004,2004,219
125572,2004-12-14,PLP,PLP 72/2003,2003,72
150399,2004-12-15,PEC,PEC 227/2004,2004,227
256022,2004-12-15,PEC,PEC 285/2004,2004,285
270567,2005-02-23,MPV,MPV 225/2004,2004,225
140375,2005-03-02,PL,PL 2401/2003,2003,2401
272146,2005-03-09,MPV,MPV 227/2004,2004,227
150399,2005-03-09,PEC,PEC 227/2004,2004,227
272914,2005-03-15,MPV,MPV 228/2004,2004,228
150399,2005-03-15,PEC,PEC 227/2004,2004,227
150399,2005-03-16,PEC,PEC 227/2004,2004,227
147085,2005-03-17,REQ,REQ 1452/2003 => PL 4846/1994,2003,1452
274653,2005-03-30,MPV,MPV 232/2004,2004,232
274634,2005-04-19,MPV,MPV 231/2004,2004,231
259979,2005-05-11,PDC,PDC 1353/2004,2004,1353
274654,2005-05-24,MPV,MPV 233/2004,2004,233
277133,2005-06-01,MPV,MPV 241/2005,2005,241
279507,2005-06-07,MPV,MPV 242/2005,2005,242
279507,2005-06-08,MPV,MPV 242/2005,2005,242
279507,2005-06-15,MPV,MPV 242/2005,2005,242
280978,2005-06-16,MPV,MPV 245/2005,2005,245
282740,2005-06-22,MPV,MPV 248/2005,2005,248
282740,2005-06-23,MPV,MPV 248/2005,2005,248
282740,2005-06-27,MPV,MPV 248/2005,2005,248
282740,2005-06-28,MPV,MPV 248/2005,2005,248
284567,2005-06-28,MPV,MPV 249/2005,2005,249
284567,2005-06-29,MPV,MPV 249/2005,2005,249
289038,2005-06-29,PRC,PRC 248/2005,2005,248
277133,2005-06-30,MPV,MPV 241/2005,2005,241
286611,2005-07-04,MPV,MPV 250/2005,2005,250
286611,2005-07-05,MPV,MPV 250/2005,2005,250
252972,2005-07-06,PDC,PDC 1274/2004,2004,1274
279543,2005-07-06,PL,PL 4955/2005,2005,4955
117570,2005-07-13,PL,PL 1144/2003,2003,1144
282740,2005-08-17,MPV,MPV 248/2005,2005,248
290460,2005-08-23,MPV,MPV 252/2005,2005,252
290460,2005-08-24,MPV,MPV 252/2005,2005,252
289945,2005-08-31,MPV,MPV 251/2005,2005,251
292729,2005-10-04,MPV,MPV 255/2005,2005,255
294427,2005-10-05,MPV,MPV 256/2005,2005,256
294428,2005-10-05,MPV,MPV 257/2005,2005,257
290460,2005-10-11,MPV,MPV 252/2005,2005,252
294430,2005-10-19,MPV,MPV 259/2005,2005,259
294429,2005-10-20,MPV,MPV 258/2005,2005,258
294429,2005-10-25,MPV,MPV 258/2005,2005,258
294429,2005-10-26,MPV,MPV 258/2005,2005,258
294429,2005-10-31,MPV,MPV 258/2005,2005,258
294429,2005-11-01,MPV,MPV 258/2005,2005,258
294429,2005-11-08,MPV,MPV 258/2005,2005,258
294429,2005-11-09,MPV,MPV 258/2005,2005,258
295338,2005-11-09,REP,REP 40/2005,2005,40
298221,2005-11-16,MPV,MPV 260/2005,2005,260
254614,2005-11-29,PL,PL 3627/2004,2004,3627
272058,2005-11-29,PL,PL 4559/2004,2004,4559
295336,2005-11-30,REP,REP 38/2005,2005,38
106071,2005-12-07,PEC,PEC 7/2003,2003,7
292328,2005-12-07,PL,PL 5524/2005,2005,5524
21585,2005-12-07,PLP,PLP 187/1997,1997,187
284448,2005-12-07,PLP,PLP 244/2005,2005,244
304792,2005-12-13,MPV,MPV 264/2005,2005,264
292328,2005-12-13,PL,PL 5524/2005,2005,5524
295143,2005-12-14,REP,REP 37/2005,2005,37
309954,2006-01-17,PDC,PDC 2075/2005,2005,2075
142458,2006-01-18,PEC,PEC 199/2003,2003,199
14720,2006-01-18,PEC,PEC 347/1996,1996,347
106071,2006-01-18,PEC,PEC 7/2003,2003,7
308633,2006-01-19,MPV,MPV 268/2005,2005,268
14809,2006-01-24,PEC,PEC 536/1997,1997,536
320338,2006-01-24,PEC,PEC 536/2006,2006,536
56373,2006-01-25,PEC,PEC 548/2002,2002,548
307925,2006-01-25,PL,PL 6272/2005,2005,6272
307925,2006-01-26,PL,PL 6272/2005,2005,6272
307822,2006-01-31,MPV,MPV 267/2005,2005,267
310833,2006-01-31,MPV,MPV 269/2005,2005,269
142458,2006-02-01,PEC,PEC 199/2003,2003,199
14720,2006-02-01,PEC,PEC 347/1996,1996,347
106071,2006-02-01,PEC,PEC 7/2003,2003,7
307925,2006-02-01,PL,PL 6272/2005,2005,6272
14809,2006-02-02,PEC,PEC 536/1997,1997,536
269767,2006-02-07,PL,PL 4428/2004,2004,4428
275322,2006-02-07,PL,PL 4776/2005,2005,4776
56373,2006-02-08,PEC,PEC 548/2002,2002,548
298990,2006-02-09,PL,PL 5855/2005,2005,5855
311012,2006-02-13,MPV,MPV 272/2005,2005,272
311025,2006-02-14,MPV,MPV 273/2005,2005,273
311031,2006-02-21,MPV,MPV 275/2005,2005,275
311031,2006-02-22,MPV,MPV 275/2005,2005,275
311031,2006-03-07,MPV,MPV 275/2005,2005,275
303317,2006-03-08,REP,REP 52/2005,2005,52
303318,2006-03-08,REP,REP 53/2005,2005,53
311039,2006-03-09,MPV,MPV 276/2006,2006,276
311039,2006-03-14,MPV,MPV 276/2006,2006,276
303315,2006-03-15,REP,REP 50/2005,2005,50
303316,2006-03-15,REP,REP 51/2005,2005,51
298990,2006-03-21,PL,PL 5855/2005,2005,5855
298990,2006-03-22,PL,PL 5855/2005,2005,5855
303307,2006-03-22,REP,REP 43/2005,2005,43
303320,2006-03-22,REP,REP 55/2005,2005,55
313522,2006-03-28,MPV,MPV 278/2006,2006,278
313522,2006-03-29,MPV,MPV 278/2006,2006,278
310833,2006-04-04,MPV,MPV 269/2005,2005,269
303309,2006-04-05,REP,REP 44/2005,2005,44
314558,2006-04-11,MPV,MPV 280/2006,2006,280
314558,2006-04-12,MPV,MPV 280/2006,2006,280
303312,2006-04-19,REP,REP 47/2005,2005,47
311031,2006-04-25,MPV,MPV 275/2005,2005,275
311031,2006-04-26,MPV,MPV 275/2005,2005,275
314559,2006-04-26,MPV,MPV 281/2006,2006,281
316249,2006-04-27,MPV,MPV 283/2006,2006,283
316249,2006-05-02,MPV,MPV 283/2006,2006,283
303313,2006-05-03,REP,REP 48/2005,2005,48
316491,2006-05-09,MPV,MPV 284/2006,2006,284
316491,2006-05-10,MPV,MPV 284/2006,2006,284
313707,2006-05-11,MPV,MPV 279/2006,2006,279
313707,2006-05-16,MPV,MPV 279/2006,2006,279
316493,2006-05-17,MPV,MPV 285/2006,2006,285
314558,2006-05-23,MPV,MPV 280/2006,2006,280
303319,2006-05-24,REP,REP 54/2005,2005,54
318828,2006-05-31,MPV,MPV 287/2006,2006,287
319342,2006-05-31,MPV,MPV 288/2006,2006,288
319342,2006-06-01,MPV,MPV 288/2006,2006,288
319342,2006-06-06,MPV,MPV 288/2006,2006,288
319342,2006-06-07,MPV,MPV 288/2006,2006,288
320786,2006-06-07,MPV,MPV 291/2006,2006,291
320786,2006-07-11,MPV,MPV 291/2006,2006,291
320786,2006-07-12,MPV,MPV 291/2006,2006,291
320786,2006-08-01,MPV,MPV 291/2006,2006,291
320786,2006-08-02,MPV,MPV 291/2006,2006,291
28376,2006-09-05,PEC,PEC 349/2001,2001,349
150559,2006-09-05,PLP,PLP 123/2004,2004,123
332482,2006-11-21,MPV,MPV 316/2006,2006,316
14809,2006-11-22,PEC,PEC 536/1997,1997,536
150559,2006-11-22,PLP,PLP 123/2004,2004,123
334677,2006-11-22,PLP,PLP 380/2006,2006,380
126541,2006-11-28,PLP,PLP 76/2003,2003,76
272315,2006-11-29,PL,PL 4591/2004,2004,4591
257126,2006-11-29,PLP,PLP 184/2004,2004,184
109175,2006-11-29,PLP,PLP 22/2003,2003,22
14809,2006-12-06,PEC,PEC 536/1997,1997,536
259979,2006-12-13,PDC,PDC 1353/2004,2004,1353
285867,2006-12-13,PLP,PLP 249/2005,2005,249
335039,2006-12-20,MPV,MPV 327/2006,2006,327
335178,2007-02-06,MPV,MPV 328/2006,2006,328
340260,2007-02-08,PDC,PDC 4/2007,2007,4
335937,2007-02-12,PL,PL 7569/2006,2006,7569
338066,2007-02-14,MPV,MPV 332/2006,2006,332
327896,2007-02-14,PL,PL 7225/2006,2006,7225
340368,2007-02-15,PL,PL 84/2007,2007,84
339552,2007-02-26,MPV,MPV 336/2006,2006,336
339801,2007-02-27,MPV,MPV 344/2007,2007,344
339630,2007-02-28,MPV,MPV 338/2006,2006,338
339854,2007-02-28,MPV,MPV 354/2007,2007,354
339823,2007-03-05,MPV,MPV 345/2007,2007,345
339823,2007-03-06,MPV,MPV 345/2007,2007,345
339551,2007-03-13,MPV,MPV 335/2006,2006,335
264293,2007-03-13,PL,PL 4125/2004,2004,4125
264293,2007-03-14,PL,PL 4125/2004,2004,4125
264293,2007-03-15,PL,PL 4125/2004,2004,4125
339551,2007-03-20,MPV,MPV 335/2006,2006,335
339551,2007-03-21,MPV,MPV 335/2006,2006,335
344056,2007-03-21,REC,REC 14/2007 => RCP 1/2007,2007,14
339853,2007-03-26,MPV,MPV 346/2007,2007,346
339551,2007-03-27,MPV,MPV 335/2006,2006,335
339689,2007-04-02,MPV,MPV 339/2006,2006,339
339705,2007-04-03,MPV,MPV 341/2006,2006,341
339689,2007-04-09,MPV,MPV 339/2006,2006,339
339689,2007-04-10,MPV,MPV 339/2006,2006,339
339846,2007-04-11,MPV,MPV 347/2007,2007,347
339847,2007-04-11,MPV,MPV 348/2007,2007,348
339846,2007-04-12,MPV,MPV 347/2007,2007,347
339696,2007-04-17,MPV,MPV 340/2006,2006,340
339848,2007-04-17,MPV,MPV 349/2007,2007,349
339850,2007-04-18,MPV,MPV 351/2007,2007,351
339851,2007-04-18,MPV,MPV 352/2007,2007,352
339823,2007-04-19,MPV,MPV 345/2007,2007,345
339696,2007-04-24,MPV,MPV 340/2006,2006,340
339850,2007-04-25,MPV,MPV 351/2007,2007,351
344468,2007-05-02,MPV,MPV 357/2007,2007,357
256022,2007-05-02,PEC,PEC 285/2004,2004,285
345070,2007-05-08,MPV,MPV 359/2007,2007,359
349474,2007-05-09,PDC,PDC 35/2007,2007,35
349475,2007-05-09,PDC,PDC 36/2007,2007,36
350808,2007-05-09,PEC,PEC 58/2007,2007,58
347832,2007-05-09,PL,PL 696/2007,2007,696
346697,2007-05-15,MPV,MPV 360/2007,2007,360
346782,2007-05-16,MPV,MPV 362/2007,2007,362
339850,2007-05-22,MPV,MPV 351/2007,2007,351
350571,2007-05-23,REC,REC 42/2007 => PL 1/2007,2007,42
339689,2007-05-29,MPV,MPV 339/2006,2006,339
256022,2007-05-30,PEC,PEC 285/2004,2004,285
353741,2007-05-30,PL,PL 1210/2007,2007,1210
346913,2007-05-30,PLP,PLP 35/2007,2007,35
348693,2007-06-04,MPV,MPV 363/2007,2007,363
348711,2007-06-05,MPV,MPV 364/2007,2007,364
349771,2007-06-12,MPV,MPV 366/2007,2007,366
353741,2007-06-13,PL,PL 1210/2007,2007,1210
350464,2007-06-14,MPV,MPV 369/2007,2007,369
339302,2007-06-19,PL,PL 7701/2006,2006,7701
339302,2007-06-20,PL,PL 7701/2006,2006,7701
345069,2007-06-26,MPV,MPV 358/2007,2007,358
350464,2007-06-26,MPV,MPV 369/2007,2007,369
353741,2007-06-27,PL,PL 1210/2007,2007,1210
14641,2007-07-03,PEC,PEC 272/2000,2000,272
256022,2007-07-03,PEC,PEC 285/2004,2004,285
356805,2007-07-03,PLP,PLP 79/2007,2007,79
352580,2007-07-10,MPV,MPV 372/2007,2007,372
353741,2007-07-11,PL,PL 1210/2007,2007,1210
354034,2007-08-07,MPV,MPV 374/2007,2007,374
14641,2007-08-14,PEC,PEC 272/2000,2000,272
350808,2007-08-14,PEC,PEC 58/2007,2007,58
353741,2007-08-14,PL,PL 1210/2007,2007,1210
346913,2007-08-14,PLP,PLP 35/2007,2007,35
346913,2007-08-15,PLP,PLP 35/2007,2007,35
355920,2007-08-21,MPV,MPV 375/2007,2007,375
355920,2007-08-22,MPV,MPV 375/2007,2007,375
356032,2007-08-23,MPV,MPV 376/2007,2007,376
356032,2007-08-29,MPV,MPV 376/2007,2007,376
353093,2007-09-04,MPV,MPV 373/2007,2007,373
356033,2007-09-05,MPV,MPV 377/2007,2007,377
356695,2007-09-11,MPV,MPV 378/2007,2007,378
356695,2007-09-12,MPV,MPV 378/2007,2007,378
357806,2007-09-12,MPV,MPV 379/2007,2007,379
357806,2007-09-13,MPV,MPV 379/2007,2007,379
358878,2007-09-18,MPV,MPV 381/2007,2007,381
358878,2007-09-19,MPV,MPV 381/2007,2007,381
330427,2007-09-19,PEC,PEC 558/2006,2006,558
368448,2007-09-25,PL,PL 2086/2007,2007,2086
330427,2007-09-26,PEC,PEC 558/2006,2006,558
330427,2007-09-27,PEC,PEC 558/2006,2006,558
354034,2007-10-02,MPV,MPV 374/2007,2007,374
356695,2007-10-02,MPV,MPV 378/2007,2007,378
363391,2007-10-03,MPV,MPV 383/2007,2007,383
363568,2007-10-04,MPV,MPV 384/2007,2007,384
363568,2007-10-08,MPV,MPV 384/2007,2007,384
363568,2007-10-09,MPV,MPV 384/2007,2007,384
330427,2007-10-09,PEC,PEC 558/2006,2006,558
330427,2007-10-10,PEC,PEC 558/2006,2006,558
365489,2007-10-16,MPV,MPV 386/2007,2007,386
366816,2007-10-17,PL,PL 1990/2007,2007,1990
368924,2007-10-17,PL,PL 2105/2007,2007,2105
365555,2007-10-18,MPV,MPV 387/2007,2007,387
365555,2007-10-23,MPV,MPV 387/2007,2007,387
104342,2007-10-24,PLP,PLP 1/2003,2003,1
368083,2007-10-25,MPV,MPV 390/2007,2007,390
104342,2007-10-31,PLP,PLP 1/2003,2003,1
368083,2007-11-06,MPV,MPV 390/2007,2007,390
368084,2007-11-06,MPV,MPV 391/2007,2007,391
368170,2007-11-06,MPV,MPV 392/2007,2007,392
365555,2007-11-13,MPV,MPV 387/2007,2007,387
366620,2007-11-20,MPV,MPV 388/2007,2007,388
368679,2007-11-21,MPV,MPV 394/2007,2007,394
368679,2007-11-27,MPV,MPV 394/2007,2007,394
371547,2008-02-13,MPV,MPV 397/2007,2007,397
371789,2008-02-19,MPV,MPV 398/2007,2007,398
371789,2008-02-21,MPV,MPV 398/2007,2007,398
371789,2008-02-26,MPV,MPV 398/2007,2007,398
372150,2008-02-27,MPV,MPV 399/2007,2007,399
374302,2008-02-27,MPV,MPV 400/2007,2007,400
377965,2008-03-05,MPV,MPV 402/2007,2007,402
380508,2008-03-11,MPV,MPV 404/2007,2007,404
366816,2008-03-11,PL,PL 1990/2007,2007,1990
364186,2008-03-18,MPV,MPV 385/2007,2007,385
364186,2008-03-19,MPV,MPV 385/2007,2007,385
364186,2008-03-25,MPV,MPV 385/2007,2007,385
382081,2008-03-26,MPV,MPV 405/2007,2007,405
382665,2008-04-01,MPV,MPV 406/2007,2007,406
382667,2008-04-02,MPV,MPV 408/2007,2007,408
382680,2008-04-08,MPV,MPV 409/2007,2007,409
382682,2008-04-10,MPV,MPV 411/2007,2007,411
382689,2008-04-22,MPV,MPV 414/2008,2008,414
382725,2008-04-22,MPV,MPV 417/2008,2008,417
382708,2008-04-23,MPV,MPV 415/2008,2008,415
382688,2008-04-29,MPV,MPV 413/2008,2008,413
383657,2008-05-06,MPV,MPV 418/2008,2008,418
384554,2008-05-07,MPV,MPV 420/2008,2008,420
385150,2008-05-07,MPV,MPV 421/2008,2008,421
388308,2008-05-08,MPV,MPV 422/2008,2008,422
388308,2008-05-13,MPV,MPV 422/2008,2008,422
394337,2008-05-13,PDC,PDC 563/2008 => MSC 711/2007,2008,563
269852,2008-05-27,PEC,PEC 333/2004,2004,333
377706,2008-05-27,PL,PL 2468/2007,2007,2468
382681,2008-05-28,MPV,MPV 410/2007,2007,410
391163,2008-05-28,MPV,MPV 424/2008,2008,424
394337,2008-05-28,PDC,PDC 563/2008 => MSC 711/2007,2008,563
269852,2008-05-28,PEC,PEC 333/2004,2004,333
375562,2008-05-28,PLP,PLP 132/2007,2007,132
391163,2008-06-03,MPV,MPV 424/2008,2008,424
394079,2008-06-04,PLP,PLP 306/2008,2008,306
392908,2008-06-10,MPV,MPV 425/2008,2008,425
394079,2008-06-10,PLP,PLP 306/2008,2008,306
394079,2008-06-11,PLP,PLP 306/2008,2008,306
392908,2008-06-17,MPV,MPV 425/2008,2008,425
394079,2008-06-18,PLP,PLP 306/2008,2008,306
394100,2008-07-01,MPV,MPV 427/2008,2008,427
394947,2008-07-15,MPV,MPV 431/2008,2008,431
394947,2008-07-16,MPV,MPV 431/2008,2008,431
394947,2008-08-04,MPV,MPV 431/2008,2008,431
394947,2008-08-05,MPV,MPV 431/2008,2008,431
396987,2008-08-05,MPV,MPV 432/2008,2008,432
396987,2008-08-06,MPV,MPV 432/2008,2008,432
398628,2008-08-12,MPV,MPV 434/2008,2008,434
396209,2008-08-12,PL,PL 3452/2008,2008,3452
129219,2008-08-13,PEC,PEC 138/2003,2003,138
253010,2008-08-13,PLP,PLP 177/2004,2004,177
255794,2008-08-13,PLP,PLP 182/2004,2004,182
340034,2008-08-13,PLP,PLP 2/2007,2007,2
378096,2008-08-20,PLP,PLP 144/2007,2007,144
332542,2008-08-20,PLP,PLP 375/2006,2006,375
402373,2008-09-02,MPV,MPV 435/2008,2008,435
394104,2008-09-03,MPV,MPV 429/2008,2008,429
402373,2008-10-07,MPV,MPV 435/2008,2008,435
402378,2008-10-14,MPV,MPV 436/2008,2008,436
403395,2008-10-29,PL,PL 3674/2008,2008,3674
403395,2008-11-04,PL,PL 3674/2008,2008,3674
413095,2008-11-12,MPV,MPV 443/2008,2008,443
129219,2008-11-12,PEC,PEC 138/2003,2003,138
413959,2008-11-13,MPV,MPV 444/2008,2008,444
350108,2008-11-18,PL,PL 940/2007,2007,940
313951,2008-11-19,PEC,PEC 511/2006,2006,511
364579,2008-11-19,REC,REC 90/2007 => PL 836/2003,2007,90
415049,2008-11-25,MPV,MPV 445/2008,2008,445
313951,2008-11-25,PEC,PEC 511/2006,2006,511
415049,2008-11-26,MPV,MPV 445/2008,2008,445
313951,2008-11-26,PEC,PEC 511/2006,2006,511
408452,2008-11-27,MPV,MPV 440/2008,2008,440
408452,2008-12-02,MPV,MPV 440/2008,2008,440
415049,2008-12-03,MPV,MPV 445/2008,2008,445
312135,2008-12-03,PEC,PEC 495/2006,2006,495
313951,2008-12-04,PEC,PEC 511/2006,2006,511
408453,2008-12-09,MPV,MPV 441/2008,2008,441
313951,2008-12-09,PEC,PEC 511/2006,2006,511
26523,2008-12-09,PLP,PLP 183/2001,2001,183
313951,2008-12-10,PEC,PEC 511/2006,2006,511
257126,2008-12-10,PLP,PLP 184/2004,2004,184
340034,2008-12-10,PLP,PLP 2/2007,2007,2
360580,2008-12-10,PRC,PRC 69/2007,2007,69
313951,2008-12-16,PEC,PEC 511/2006,2006,511
421019,2008-12-17,PDC,PDC 1345/2008,2008,1345
373907,2008-12-17,PDC,PDC 387/2007,2007,387
313951,2008-12-17,PEC,PEC 511/2006,2006,511
416057,2009-02-17,MPV,MPV 447/2008,2008,447
363819,2009-02-17,PL,PL 1825/2007,2007,1825
360906,2009-02-18,PL,PL 1664/2007,2007,1664
387129,2009-02-18,PL,PL 3021/2008,2008,3021
112893,2009-02-18,PL,PL 836/2003,2003,836
419290,2009-03-11,MPV,MPV 449/2008,2008,449
419290,2009-03-17,MPV,MPV 449/2008,2008,449
420066,2009-03-25,MPV,MPV 450/2008,2008,450
420746,2009-04-01,MPV,MPV 451/2008,2008,451
420746,2009-04-07,MPV,MPV 451/2008,2008,451
422455,2009-04-14,MPV,MPV 452/2008,2008,452
422643,2009-04-15,MPV,MPV 453/2009,2009,453
422684,2009-04-22,MPV,MPV 455/2009,2009,455
423427,2009-04-29,MPV,MPV 457/2009,2009,457
423427,2009-04-30,MPV,MPV 457/2009,2009,457
270010,2009-05-05,PLP,PLP 217/2004,2004,217
21400,2009-05-05,PLP,PLP 59/1999,1999,59
15471,2009-05-06,PL,PL 451/1995,1995,451
423427,2009-05-07,MPV,MPV 457/2009,2009,457
423427,2009-05-12,MPV,MPV 457/2009,2009,457
423428,2009-05-13,MPV,MPV 458/2009,2009,458
112893,2009-05-19,PL,PL 836/2003,2003,836
428043,2009-05-20,MPV,MPV 459/2009,2009,459
14271,2009-05-20,PEC,PEC 22/1999,1999,22
422683,2009-05-26,MPV,MPV 454/2009,2009,454
422683,2009-05-27,MPV,MPV 454/2009,2009,454
428250,2009-06-02,MPV,MPV 460/2009,2009,460
290450,2009-06-02,PEC,PEC 413/2005,2005,413
428250,2009-06-03,MPV,MPV 460/2009,2009,460
403508,2009-06-03,PEC,PEC 277/2008,2008,277
297881,2009-06-09,PL,PL 5800/2005,2005,5800
298607,2009-06-09,PL,PL 5829/2005,2005,5829
18454,2009-06-17,PL,PL 2660/1996,1996,2660
426554,2009-06-30,MSC,MSC 134/2009,2009,134
440269,2009-06-30,PL,PL 5498/2009,2009,5498
345552,2009-06-30,PLP,PLP 28/2007,2007,28
440269,2009-07-08,PL,PL 5498/2009,2009,5498
428250,2009-07-14,MPV,MPV 460/2009,2009,460
435878,2009-08-04,PL,PL 5279/2009,2009,5279
428250,2009-08-05,MPV,MPV 460/2009,2009,460
434563,2009-08-18,MPV,MPV 462/2009,2009,462
434563,2009-08-19,MPV,MPV 462/2009,2009,462
438197,2009-08-26,MPV,MPV 464/2009,2009,464
440177,2009-09-01,MPV,MPV 465/2009,2009,465
440177,2009-09-02,MPV,MPV 465/2009,2009,465
440177,2009-09-08,MPV,MPV 465/2009,2009,465
440177,2009-09-09,MPV,MPV 465/2009,2009,465
426299,2009-09-09,PEC,PEC 336/2009,2009,336
403508,2009-09-16,PEC,PEC 277/2008,2008,277
307814,2009-09-16,PEC,PEC 483/2005,2005,483
440269,2009-09-16,PL,PL 5498/2009,2009,5498
443164,2009-09-16,PL,PL 5664/2009,2009,5664
339409,2009-09-16,PL,PL 7703/2006,2006,7703
434563,2009-09-22,MPV,MPV 462/2009,2009,462
426299,2009-09-22,PEC,PEC 336/2009,2009,336
403508,2009-09-30,PEC,PEC 277/2008,2008,277
443158,2009-10-06,MPV,MPV 466/2009,2009,466
307814,2009-10-07,PEC,PEC 483/2005,2005,483
429836,2009-10-07,PLP,PLP 462/2009,2009,462
423585,2009-10-13,PEC,PEC 324/2009,2009,324
445427,2009-10-14,PL,PL 5798/2009,2009,5798
447734,2009-10-21,MPV,MPV 468/2009,2009,468
339977,2009-10-21,PL,PL 18/2007,2007,18
339409,2009-10-21,PL,PL 7703/2006,2006,7703
412236,2009-10-27,PDC,PDC 981/2008,2008,981
436599,2009-10-27,PL,PL 5312/2009,2009,5312
423585,2009-10-28,PEC,PEC 324/2009,2009,324
434938,2009-10-28,PL,PL 5245/2009,2009,5245
440177,2009-11-03,MPV,MPV 465/2009,2009,465
412236,2009-11-03,PDC,PDC 981/2008,2008,981
423585,2009-11-03,PEC,PEC 324/2009,2009,324
114145,2009-11-03,PEC,PEC 47/2003,2003,47
430472,2009-11-04,PEC,PEC 351/2009,2009,351
443158,2009-11-10,MPV,MPV 466/2009,2009,466
443158,2009-11-11,MPV,MPV 466/2009,2009,466
436985,2009-11-11,PL,PL 5334/2009,2009,5334
447935,2009-11-11,PL,PL 5939/2009,2009,5939
447936,2009-11-11,PL,PL 5940/2009,2009,5940
447937,2009-11-11,PL,PL 5941/2009,2009,5941
453801,2009-11-17,MPV,MPV 469/2009,2009,469
447935,2009-11-17,PL,PL 5939/2009,2009,5939
361442,2009-11-18,PEC,PEC 130/2007,2007,130
447935,2009-11-18,PL,PL 5939/2009,2009,5939
453801,2009-11-24,MPV,MPV 469/2009,2009,469
453801,2009-11-25,MPV,MPV 469/2009,2009,469
430472,2009-11-25,PEC,PEC 351/2009,2009,351
441673,2009-11-25,PEC,PEC 391/2009,2009,391
460759,2009-11-26,REQ,REQ 5921/2009,2009,5921
454911,2009-12-01,MPV,MPV 470/2009,2009,470
454911,2009-12-02,MPV,MPV 470/2009,2009,470
378478,2009-12-08,PL,PL 2502/2007,2007,2502
378478,2009-12-09,PL,PL 2502/2007,2007,2502
441673,2009-12-10,PEC,PEC 391/2009,2009,391
378478,2009-12-15,PL,PL 2502/2007,2007,2502
104885,2009-12-16,PLP,PLP 12/2003,2003,12
114145,2010-02-03,PEC,PEC 47/2003,2003,47
438409,2010-02-23,PL,PL 5417/2009,2009,5417
438409,2010-02-24,PL,PL 5417/2009,2009,5417
414367,2010-03-02,PEC,PEC 300/2008,2008,300
284827,2010-03-02,PL,PL 5186/2005,2005,5186
414367,2010-03-03,PEC,PEC 300/2008,2008,300
447937,2010-03-03,PL,PL 5941/2009,2009,5941
463287,2010-03-09,PLP,PLP 543/2009,2009,543
378478,2010-03-10,PL,PL 2502/2007,2007,2502
454360,2010-03-16,REQ,REQ 5670/2009,2009,5670
397936,2010-03-17,PLP,PLP 374/2008,2008,374
464520,2010-03-23,MPV,MPV 472/2009,2009,472
464520,2010-03-24,MPV,MPV 472/2009,2009,472
465356,2010-04-06,MPV,MPV 477/2009,2009,477
465356,2010-04-07,MPV,MPV 477/2009,2009,477
465356,2010-04-13,MPV,MPV 477/2009,2009,477
293027,2010-04-14,PLP,PLP 277/2005,2005,277
469773,2010-04-14,REQ,REQ 6467/2010 => PDC 731/2000,2010,6467
469774,2010-04-14,REQ,REQ 6468/2010 => PDC 2300/2009,2010,6468
465329,2010-04-28,MPV,MPV 475/2009,2009,475
465329,2010-05-04,MPV,MPV 475/2009,2009,475
21571,2010-05-04,PLP,PLP 168/1993,1993,168
21571,2010-05-05,PLP,PLP 168/1993,1993,168
21571,2010-05-11,PLP,PLP 168/1993,1993,168
465331,2010-05-12,MPV,MPV 476/2009,2009,476
358126,2010-05-12,PL,PL 1481/2007,2007,1481
465331,2010-05-26,MPV,MPV 476/2009,2009,476
358126,2010-05-26,PL,PL 1481/2007,2007,1481
466305,2010-06-08,MPV,MPV 482/2010,2010,482
476031,2010-06-16,PDC,PDC 2600/2010,2010,2600
475370,2010-06-16,REQ,REQ 6752/2010 => MSC 951/2009,2010,6752
478001,2010-06-16,REQ,REQ 6918/2010 => PL 1986/2003,2010,6918
471270,2010-06-22,MPV,MPV 483/2010,2010,483
471270,2010-07-06,MPV,MPV 483/2010,2010,483
463451,2010-07-06,PEC,PEC 446/2009,2009,446
482603,2010-07-07,REQ,REQ 7166/2010 => PL 7540/2010,2010,7166
474361,2010-08-03,MPV,MPV 487/2010,2010,487
474361,2010-08-04,MPV,MPV 487/2010,2010,487
482426,2010-11-09,MPV,MPV 493/2010,2010,493
483948,2010-11-23,MPV,MPV 495/2010,2010,495
485262,2010-12-01,MPV,MPV 501/2010,2010,501
447936,2010-12-01,PL,PL 5940/2009,2009,5940
486701,2010-12-02,REQ,REQ 7447/2010 => PLP 591/2010,2010,7447
101666,2010-12-07,PLP,PLP 352/2002,2002,352
488165,2010-12-07,REQ,REQ 7513/2010 => PLP 352/2002,2010,7513
488578,2010-12-07,REQ,REQ 7535/2010 => PL 2944/2004,2010,7535
101666,2010-12-08,PLP,PLP 352/2002,2002,352
489010,2010-12-08,REQ,REQ 7546/2010 => PL 2944/2004,2010,7546
483907,2010-12-14,PEC,PEC 507/2010,2010,507
153275,2010-12-14,PL,PL 2944/2004,2004,2944
489410,2010-12-15,PLV,PLV 16/2010 MESA => MPV 499/2010,2010,16
489682,2010-12-15,REQ,REQ 7575/2010 => PDC 3036/2010,2010,7575
491974,2011-02-15,REQ,REQ 349/2011 => PL 382/2011,2011,349
491872,2011-02-16,PL,PL 382/2011,2011,382
491872,2011-02-17,PL,PL 382/2011,2011,382
485274,2011-02-22,MPV,MPV 502/2010,2010,502
485275,2011-02-23,MPV,MPV 503/2010,2010,503
485758,2011-04-05,MPV,MPV 511/2010,2010,511
485758,2011-04-06,MPV,MPV 511/2010,2010,511
476031,2011-04-06,PDC,PDC 2600/2010,2010,2600
491963,2011-04-06,REQ,REQ 343/2011 => PDC 2600/2010,2011,343
487868,2011-04-13,MPV,MPV 512/2010,2010,512
487966,2011-04-26,MPV,MPV 513/2010,2010,513
488607,2011-04-27,MPV,MPV 514/2010,2010,514
488582,2011-05-03,REQ,REQ 7537/2010 => PL 1876/1999,2010,7537
490387,2011-05-10,MPV,MPV 521/2010,2010,521
17338,2011-05-12,PL,PL 1876/1999,1999,1876
490375,2011-05-18,MPV,MPV 517/2010,2010,517
17338,2011-05-24,PL,PL 1876/1999,1999,1876
490375,2011-05-25,MPV,MPV 517/2010,2010,517
507762,2011-06-08,REQ,REQ 2086/2011,2011,2086
495378,2011-06-15,MPV,MPV 527/2011,2011,527
495378,2011-06-28,MPV,MPV 527/2011,2011,527
496290,2011-07-05,MPV,MPV 528/2011,2011,528
499323,2011-08-03,MPV,MPV 530/2011,2011,530
422002,2011-08-11,PDC,PDC 1351/2008,2008,1351
500056,2011-08-16,MPV,MPV 532/2011,2011,532
500056,2011-08-17,MPV,MPV 532/2011,2011,532
500056,2011-08-23,MPV,MPV 532/2011,2011,532
514832,2011-08-23,REQ,REQ 2714/2011,2011,2714
501560,2011-08-24,MPV,MPV 533/2011,2011,533
495215,2011-08-30,REP,REP 1/2011,2011,1
500079,2011-08-31,PL,PL 1209/2011,2011,1209
515433,2011-08-31,PLP,PLP 87/2011,2011,87
497616,2011-09-01,PDC,PDC 47/2011,2011,47
511029,2011-09-20,PL,PL 1749/2011,2011,1749
394079,2011-09-21,PLP,PLP 306/2008,2008,306
500380,2011-09-21,REQ,REQ 1548/2011 => PL 7376/2010,2011,1548
513172,2011-10-05,MPV,MPV 539/2011,2011,539
260404,2011-10-05,PL,PL 3937/2004,2004,3937
501821,2011-10-11,PDC,PDC 220/2011,2011,220
513514,2011-10-19,MPV,MPV 541/2011,2011,541
513512,2011-10-26,MPV,MPV 540/2011,2011,540
501821,2011-10-27,PDC,PDC 220/2011,2011,220
501821,2011-11-01,PDC,PDC 220/2011,2011,220
513496,2011-11-08,PEC,PEC 61/2011,2011,61
513496,2011-11-09,PEC,PEC 61/2011,2011,61
513496,2011-11-22,PEC,PEC 61/2011,2011,61
525391,2011-11-23,REC,REC 92/2011 => RIC 693/2011,2011,92
357094,2011-11-29,PEC,PEC 98/2007,2007,98
463268,2011-12-13,PEC,PEC 445/2009,2009,445
357094,2011-12-13,PEC,PEC 98/2007,2007,98
401376,2011-12-14,PEC,PEC 270/2008,2008,270
401376,2012-02-14,PEC,PEC 270/2008,2008,270
366851,2012-02-28,PL,PL 1992/2007,2007,1992
366851,2012-02-29,PL,PL 1992/2007,2007,1992
463268,2012-03-06,PEC,PEC 445/2009,2009,445
536066,2012-03-07,REQ,REQ 4504/2012 => PL 2330/2011,2012,4504
527728,2012-03-14,MPV,MPV 550/2011,2011,550
343615,2012-03-20,PL,PL 301/2007,2007,301
435878,2012-03-20,PL,PL 5279/2009,2009,5279
520245,2012-03-21,PL,PL 2330/2011,2011,2330
131591,2012-03-27,PEC,PEC 153/2003,2003,153
520245,2012-03-28,PL,PL 2330/2011,2011,2330
527723,2012-04-10,MPV,MPV 549/2011,2011,549
131591,2012-04-10,PEC,PEC 153/2003,2003,153
528165,2012-04-11,MPV,MPV 551/2011,2011,551
274311,2012-04-18,PLP,PLP 230/2004,2004,230
17338,2012-04-25,PL,PL 1876/1999,1999,1876
533505,2012-05-09,MPV,MPV 554/2011,2011,554
533535,2012-05-15,MPV,MPV 558/2012,2012,558
304008,2012-05-15,PEC,PEC 471/2005,2005,471
528091,2012-05-16,PDC,PDC 514/2011,2011,514
36162,2012-05-22,PEC,PEC 438/2001,2001,438
544136,2012-05-22,PL,PL 3839/2012,2012,3839
325847,2012-05-29,PLP,PLP 362/2006,2006,362
290677,2012-05-30,PEC,PEC 416/2005,2005,416
535959,2012-06-05,MPV,MPV 559/2012,2012,559
535959,2012-06-12,MPV,MPV 559/2012,2012,559
494004,2012-06-13,PL,PL 643/2011,2011,643
290677,2012-06-26,PEC,PEC 416/2005,2005,416
537339,2012-06-27,REQ,REQ 4636/2012 => PL 2565/2011,2012,4636
542431,2012-07-03,MPV,MPV 566/2012,2012,566
543448,2012-07-04,MPV,MPV 567/2012,2012,567
540142,2012-07-11,MPV,MPV 563/2012,2012,563
540142,2012-07-12,MPV,MPV 563/2012,2012,563
540142,2012-07-16,MPV,MPV 563/2012,2012,563
544463,2012-09-04,MPV,MPV 570/2012,2012,570
545925,2012-09-05,MPV,MPV 571/2012,2012,571
545925,2012-09-18,MPV,MPV 571/2012,2012,571
549909,2012-10-30,MPV,MPV 574/2012,2012,574
549909,2012-10-31,MPV,MPV 574/2012,2012,574
479328,2012-10-31,PLP,PLP 579/2010,2010,579
508967,2012-10-31,REQ,REQ 2130/2011 => PLP 579/2010,2011,2130
524645,2012-11-06,PL,PL 2565/2011,2011,2565
537339,2012-11-06,REQ,REQ 4636/2012 => PL 2565/2011,2012,4636
529011,2012-11-07,PL,PL 2793/2011,2011,2793
496725,2012-11-07,PL,PL 865/2011,2011,865
497188,2012-11-07,REQ,REQ 1134/2011 => PL 865/2011,2011,1134
553247,2012-11-13,MPV,MPV 576/2012,2012,576
552689,2012-11-20,MPV,MPV 575/2012,2012,575
34462,2012-11-20,PL,PL 5403/2001,2001,5403
473496,2012-11-21,PEC,PEC 478/2010,2010,478
529884,2012-11-21,PLP,PLP 114/2011,2011,114
555993,2012-11-28,REQ,REQ 6135/2012 => PL 4367/2012,2012,6135
561593,2012-11-28,REQ,REQ 6460/2012 => PL 2205/2011,2012,6460
561594,2012-11-28,REQ,REQ 6461/2012 => PL 4365/2012,2012,6461
473496,2012-12-04,PEC,PEC 478/2010,2010,478
554412,2012-12-04,REQ,REQ 6062/2012 => PL 2154/2011,2012,6062
555727,2012-12-12,MPV,MPV 579/2012,2012,579
536551,2012-12-12,REQ,REQ 12/2012 CDHM,2012,12
548345,2012-12-12,REQ,REQ 12/2012 CEENSI,2012,12
541303,2012-12-12,REQ,REQ 12/2012 CPICRIAN,2012,12
541149,2012-12-12,REQ,REQ 12/2012 CPITRAES,2012,12
544411,2012-12-12,REQ,REQ 12/2012 CPITRAPE,2012,12
544355,2012-12-12,REQ,REQ 12/2012 PEC03711 => PEC 37/2011,2012,12
541002,2012-12-12,REQ,REQ 12/2012 PL157211,2012,12
540560,2012-12-12,REQ,REQ 12/2012 PL212611 => PL 2126/2011,2012,12
553256,2012-12-12,REQ,REQ 12/2012 PL355504 => PL 3555/2004,2012,12
555727,2012-12-18,MPV,MPV 579/2012,2012,579
556332,2013-02-20,MPV,MPV 582/2012,2012,582
565319,2013-02-20,REQ,REQ 6786/2013,2013,6786
559275,2013-02-26,MPV,MPV 586/2012,2012,586
538366,2013-02-27,PDC,PDC 549/2012,2012,549
522363,2013-02-28,PDC,PDC 471/2011,2011,471
527704,2013-03-06,PEC,PEC 111/2011,2011,111
555286,2013-03-12,PLN,PLN 24/2012 CN,2012,24
566744,2013-03-12,REQ,REQ 6947/2013 => PL 7663/2010,2013,6947
54307,2013-03-13,PEC,PEC 544/2002,2002,544
559465,2013-03-19,MPV,MPV 587/2012,2012,587
564113,2013-03-20,PL,PL 4904/2012,2012,4904
568421,2013-03-20,PRC,PRC 178/2013,2013,178
568515,2013-03-20,REQ,REQ 7126/2013 => PRC 178/2013,2013,7126
569181,2013-03-26,REQ,REQ 7252/2013 => PL 6903/2006,2013,7252
347880,2013-04-02,PL,PL 708/2007,2007,708
54307,2013-04-03,PEC,PEC 544/2002,2002,544
422002,2013-04-04,PDC,PDC 1351/2008,2008,1351
559706,2013-04-09,MPV,MPV 589/2012,2012,589
14245,2013-04-09,PEC,PEC 3/1999,1999,3
568421,2013-04-10,PRC,PRC 178/2013,2013,178
556590,2013-04-10,REQ,REQ 6166/2012 => PL 4470/2012,2012,6166
564113,2013-04-11,PL,PL 4904/2012,2012,4904
571564,2013-04-16,REQ,REQ 7494/2013 => PL 4470/2012,2013,7494
556261,2013-04-17,PL,PL 4470/2012,2012,4470
293027,2013-04-17,PLP,PLP 277/2005,2005,277
564522,2013-04-23,MPV,MPV 602/2012,2012,602
556261,2013-04-23,PL,PL 4470/2012,2012,4470
569182,2013-04-24,REQ,REQ 7253/2013 => PL 2592/2007,2013,7253
553474,2013-05-07,REQ,REQ 5941/2012 => PLP 416/2008,2012,5941
562466,2013-05-08,MPV,MPV 593/2012,2012,593
562615,2013-05-08,MPV,MPV 595/2012,2012,595
562615,2013-05-14,MPV,MPV 595/2012,2012,595
562615,2013-05-15,MPV,MPV 595/2012,2012,595
562615,2013-05-16,MPV,MPV 595/2012,2012,595
564453,2013-05-21,MPV,MPV 597/2012,2012,597
564520,2013-05-21,MPV,MPV 600/2012,2012,600
553112,2013-05-21,PLP,PLP 200/2012,2012,200
576895,2013-05-21,REQ,REQ 7772/2013 => PLP 200/2012,2013,7772
483808,2013-05-22,PL,PL 7663/2010,2010,7663
577881,2013-05-22,REQ,REQ 7829/2013 => PLP 271/2005,2013,7829
564521,2013-05-27,MPV,MPV 601/2012,2012,601
564521,2013-05-28,MPV,MPV 601/2012,2012,601
564548,2013-05-28,MPV,MPV 605/2013,2013,605
412854,2013-06-04,PLP,PLP 416/2008,2008,416
566891,2013-06-11,MPV,MPV 609/2013,2013,609
579713,2013-06-11,REQ,REQ 7926/2013,2013,7926
566047,2013-06-12,MPV,MPV 608/2013,2013,608
573508,2013-06-12,PLP,PLP 266/2013,2013,266
573516,2013-06-12,REQ,REQ 7595/2013 => PLP 92/2007,2013,7595
580703,2013-06-19,REQ,REQ 7956/2013,2013,7956
507965,2013-06-25,PEC,PEC 37/2011,2011,37
581700,2013-06-26,PLP,PLP 288/2013,2013,288
582605,2013-07-02,REQ,REQ 8091/2013 => PL 5844/2013,2013,8091
553168,2013-07-03,PEC,PEC 207/2012,2012,207
553112,2013-07-03,PLP,PLP 200/2012,2012,200
271219,2013-07-09,PL,PL 4529/2004,2004,4529
584279,2013-07-09,REQ,REQ 8196/2013,2013,8196
343930,2013-07-10,PL,PL 323/2007,2007,323
568157,2013-07-10,REQ,REQ 8/2013 CCULT,2013,8
567171,2013-07-10,REQ,REQ 8/2013 CDHM,2013,8
569919,2013-07-10,REQ,REQ 8/2013 CEESTA,2013,8
569538,2013-07-10,REQ,REQ 8/2013 CEMOTOR,2013,8
573367,2013-07-10,REQ,REQ 8/2013 CESAUDE,2013,8
564994,2013-07-10,REQ,REQ 8/2013 CEXSANTA,2013,8
601354,2013-07-10,REQ,REQ 8/2013 CMO => PLN 9/2013 CN,2013,8
597682,2013-07-10,REQ,REQ 8/2013 CPITRAB,2013,8
581440,2013-07-10,REQ,REQ 8/2013 GTTERRAS,2013,8
595197,2013-07-10,REQ,REQ 8/2013 PEC09011 => PEC 90/2011,2013,8
595564,2013-07-10,REQ,REQ 8/2013 PEC19712 => PEC 197/2012,2013,8
566077,2013-07-10,REQ,REQ 8/2013 PEC20712,2013,8
569326,2013-07-10,REQ,REQ 8/2013 PEC50610 => PEC 506/2010,2013,8
576615,2013-07-10,REQ,REQ 8/2013 PEC56506 => PEC 565/2006,2013,8
585797,2013-07-10,REQ,REQ 8/2013 PL003711 => PL 37/2011,2013,8
575516,2013-07-10,REQ,REQ 8/2013 PL217711,2013,8
587855,2013-07-10,REQ,REQ 8/2013 PL346004,2013,8
597041,2013-07-10,REQ,REQ 8/2013 PL501313 => PL 5013/2013,2013,8
602477,2013-07-10,REQ,REQ 8/2013 PL675313 => PL 6753/2013,2013,8
581164,2013-07-10,REQ,REQ 8/2013 PL719702,2013,8
553168,2013-07-16,PEC,PEC 207/2012,2012,207
571752,2013-07-17,PDC,PDC 824/2013,2013,824
377011,2013-08-07,PEC,PEC 190/2007,2007,190
332451,2013-08-13,PEC,PEC 565/2006,2006,565
576000,2013-08-21,MPV,MPV 613/2013,2013,613
332451,2013-08-27,PEC,PEC 565/2006,2006,565
582292,2013-08-28,REP,REP 20/2013,2013,20
28376,2013-09-03,PEC,PEC 349/2001,2001,349
580951,2013-09-10,MPV,MPV 620/2013,2013,620
579869,2013-09-18,MPV,MPV 618/2013,2013,618
537784,2013-09-24,PL,PL 3471/2012,2012,3471
580163,2013-09-25,MPV,MPV 619/2013,2013,619
377011,2013-09-25,PEC,PEC 190/2007,2007,190
582791,2013-09-26,PRC,PRC 203/2013,2013,203
586411,2013-10-01,PL,PL 6053/2013,2013,6053
592935,2013-10-01,PL,PL 6397/2013,2013,6397
593650,2013-10-01,REQ,REQ 8696/2013 => PL 6397/2013,2013,8696
592935,2013-10-02,PL,PL 6397/2013,2013,6397
584020,2013-10-08,MPV,MPV 621/2013,2013,621
584020,2013-10-09,MPV,MPV 621/2013,2013,621
592935,2013-10-15,PL,PL 6397/2013,2013,6397
592935,2013-10-16,PL,PL 6397/2013,2013,6397
592935,2013-10-22,PL,PL 6397/2013,2013,6397
564525,2013-10-22,PLP,PLP 238/2013,2013,238
334331,2013-10-23,PL,PL 7495/2006,2006,7495
564525,2013-10-23,PLP,PLP 238/2013,2013,238
583481,2013-10-23,REQ,REQ 8144/2013 => PL 7495/2006,2013,8144
377011,2013-10-29,PEC,PEC 190/2007,2007,190
599236,2013-11-05,PEC,PEC 346/2013,2013,346
302638,2013-11-05,PL,PL 6025/2005,2005,6025
599142,2013-11-06,PDC,PDC 1361/2013,2013,1361
599380,2013-11-06,REQ,REQ 8970/2013 => PDC 1361/2013,2013,8970
599142,2013-11-27,PDC,PDC 1361/2013,2013,1361
436536,2013-12-03,PEC,PEC 368/2009,2009,368
522343,2013-12-04,PEC,PEC 90/2011,2011,90
584760,2013-12-05,PDC,PDC 1055/2013 => MSC 668/2009,2013,1055
590058,2013-12-11,MPV,MPV 625/2013,2013,625
436536,2013-12-11,PEC,PEC 368/2009,2009,368
512308,2013-12-11,PEC,PEC 55/2011,2011,55
604604,2013-12-17,REQ,REQ 9261/2013 => PRC 228/2013,2013,9261
302638,2014-02-04,PL,PL 6025/2005,2005,6025
587916,2014-02-05,PEC,PEC 293/2013,2013,293
302638,2014-02-11,PL,PL 6025/2005,2005,6025
605986,2014-02-11,REQ,REQ 9459/2014 => PDC 1263/2013,2014,9459
590335,2014-02-12,REP,REP 22/2013,2013,22
543107,2014-02-13,PRC,PRC 132/2012,2012,132
567197,2014-02-19,PEC,PEC 247/2013,2013,247
606547,2014-02-19,REQ,REQ 9556/2014 => PRC 237/2014,2014,9556
606381,2014-02-25,REQ,REQ 9534/2014,2014,9534
606381,2014-03-11,REQ,REQ 9534/2014,2014,9534
567197,2014-03-12,PEC,PEC 247/2013,2013,247
525239,2014-03-19,PEC,PEC 103/2011,2011,103
586251,2014-03-25,PEC,PEC 290/2013,2013,290
600255,2014-03-26,PL,PL 6738/2013,2013,6738
601914,2014-03-26,PL,PL 6809/2013,2013,6809
600363,2014-04-01,MPV,MPV 627/2013,2013,627
600363,2014-04-02,MPV,MPV 627/2013,2013,627
602714,2014-04-07,MPV,MPV 628/2013,2013,628
602714,2014-04-08,MPV,MPV 628/2013,2013,628
605324,2014-04-09,MPV,MPV 630/2013,2013,630
583317,2014-04-09,REQ,REQ 8130/2013 => PL 4471/2012,2013,8130
43617,2014-04-22,PLP,PLP 275/2001,2001,275
325847,2014-04-22,PLP,PLP 362/2006,2006,362
586949,2014-04-22,REQ,REQ 8339/2013 => PL 5943/2013,2013,8339
597748,2014-04-22,REQ,REQ 8880/2013 => PLP 276/2002,2013,8880
527704,2014-04-23,PEC,PEC 111/2011,2011,111
586251,2014-04-23,PEC,PEC 290/2013,2013,290
44196,2014-04-23,PLP,PLP 276/2002,2002,276
564547,2014-04-23,REP,REP 17/2012,2012,17
552295,2014-04-29,PL,PL 4246/2012,2012,4246
602633,2014-05-06,PEC,PEC 358/2013,2013,358
304008,2014-05-06,PEC,PEC 471/2005,2005,471
559036,2014-05-07,PLP,PLP 221/2012,2012,221
559036,2014-05-13,PLP,PLP 221/2012,2012,221
605327,2014-05-20,MPV,MPV 632/2013,2013,632
605333,2014-05-20,MPV,MPV 635/2013,2013,635
605330,2014-05-21,MPV,MPV 633/2013,2013,633
609196,2014-05-27,MPV,MPV 639/2014,2014,639
609198,2014-05-27,MPV,MPV 640/2014,2014,640
490116,2014-06-03,PL,PL 8035/2010,2010,8035
559036,2014-06-03,PLP,PLP 221/2012,2012,221
525239,2014-06-04,PEC,PEC 103/2011,2011,103
615815,2014-06-04,PLP,PLP 397/2014,2014,397
19319,2014-06-10,PL,PL 3232/1992,1992,3232
613950,2014-07-15,PDC,PDC 1472/2014,2014,1472
617857,2014-07-15,REQ,REQ 10361/2014 => PDC 1491/2014,2014,10361
617737,2014-08-05,PDC,PDC 1491/2014,2014,1491
619236,2014-10-07,MPV,MPV 650/2014,2014,650
617737,2014-10-28,PDC,PDC 1491/2014,2014,1491
623330,2014-11-04,MPV,MPV 657/2014,2014,657
621806,2014-11-04,PEC,PEC 426/2014,2014,426
551712,2014-11-11,PEC,PEC 197/2012,2012,197
620901,2014-11-12,MPV,MPV 652/2014,2014,652
621806,2014-11-26,PEC,PEC 426/2014,2014,426
623649,2014-12-03,PLN,PLN 31/2014 CN,2014,31
597414,2014-12-03,PLN,PLN 36/2013 CN,2013,36
744763,2014-12-04,PLN,PLN 36/2014 CN,2014,36
808884,2014-12-09,PDC,PDC 1612/2014,2014,1612
744763,2014-12-09,PLN,PLN 36/2014 CN,2014,36
786713,2014-12-10,PEC,PEC 434/2014,2014,434
611593,2014-12-10,REP,REP 25/2014,2014,25
602633,2014-12-16,PEC,PEC 358/2013,2013,358
786713,2014-12-16,PEC,PEC 434/2014,2014,434
858585,2014-12-16,REQ,REQ 10929/2014 => PRC 266/2014,2014,10929
622854,2014-12-17,MPV,MPV 656/2014,2014,656
551712,2014-12-17,PEC,PEC 197/2012,2012,197
619150,2014-12-17,PL,PL 7735/2014,2014,7735
551712,2015-02-03,PEC,PEC 197/2012,2012,197
600023,2015-02-03,PEC,PEC 352/2013,2013,352
602599,2015-02-05,PDC,PDC 1410/2013,2013,1410
602633,2015-02-10,PEC,PEC 358/2013,2013,358
619150,2015-02-10,PL,PL 7735/2014,2014,7735
552295,2015-02-11,PL,PL 4246/2012,2012,4246
544724,2015-02-24,PLP,PLP 177/2012,2012,177
372066,2015-02-25,PL,PL 2211/2007,2007,2211
947630,2015-02-26,REQ,REQ 567/2015,2015,567
1155251,2015-02-26,REQ,REQ 567/2015 CPIPETRO,2015,567
611193,2015-02-26,REQ,REQ 9909/2014 => PL 5201/2013,2014,9909
571550,2015-03-03,REQ,REQ 7492/2013 => PL 4372/2012,2013,7492
298878,2015-03-04,PEC,PEC 457/2005,2005,457
1243807,2015-03-04,REQ,REQ 739/2015 CPIPETRO,2015,739
955528,2015-03-04,REQ,REQ 739/2015 => PL 6361/2013,2015,739
961716,2015-03-04,REQ,REQ 784/2015,2015,784
1279911,2015-03-04,REQ,REQ 784/2015 CPIPETRO,2015,784
339407,2015-03-05,PL,PL 7699/2006,2006,7699
1280721,2015-03-05,REQ,REQ 796/2015 CPIPETRO,2015,796
962435,2015-03-05,REQ,REQ 796/2015 => PL 2177/2011,2015,796
339287,2015-03-10,PEC,PEC 590/2006,2006,590
542838,2015-03-10,PL,PL 3771/2012,2012,3771
622072,2015-03-10,PL,PL 7924/2014,2014,7924
585608,2015-03-12,PLP,PLP 302/2013,2013,302
949149,2015-03-12,PRC,PRC 11/2015,2015,11
613662,2015-03-17,PL,PL 7469/2014,2014,7469
585608,2015-03-17,PLP,PLP 302/2013,2013,302
613662,2015-03-18,PL,PL 7469/2014,2014,7469
591830,2015-03-19,PDC,PDC 1287/2013,2013,1287
339287,2015-03-24,PEC,PEC 590/2006,2006,590
1050788,2015-03-24,PLP,PLP 37/2015,2015,37
1672259,2015-03-24,REQ,REQ 1030/2015 CPIPETRO => RCP 3/2015,2015,1030
1049075,2015-03-24,REQ,REQ 1030/2015 => PL 644/2015,2015,1030
1050795,2015-03-24,REQ,REQ 1108/2015 => PLP 34/2015,2015,1108
1050835,2015-03-24,REQ,REQ 1117/2015 => PL 8122/2014,2015,1117
1050836,2015-03-24,REQ,REQ 1118/2015 => PL 7885/2014,2015,1118
1050840,2015-03-24,REQ,REQ 1121/2015 => PL 7224/2006,2015,1121
1514282,2015-03-24,REQ,REQ 894/2015 CPIPETRO,2015,894
996537,2015-03-24,REQ,REQ 894/2015 => PL 623/2015,2015,894
412728,2015-03-25,PL,PL 4148/2008,2008,4148
348730,2015-03-25,PL,PL 789/2007,2007,789
388449,2015-03-26,PL,PL 3131/2008,2008,3131
1049380,2015-03-26,PL,PL 846/2015,2015,846
1050845,2015-03-26,REQ,REQ 1125/2015 => PL 6701/2013,2015,1125
1050852,2015-03-30,REQ,REQ 1129/2015 => PL 5773/2013,2015,1129
537900,2015-03-31,PL,PL 3481/2012,2012,3481
796341,2015-04-07,MPV,MPV 660/2014,2014,660
590796,2015-04-07,REQ,REQ 8530/2013 => PL 4330/2004,2013,8530
267841,2015-04-08,PL,PL 4330/2004,2004,4330
808898,2015-04-09,MPV,MPV 661/2014,2014,661
267841,2015-04-14,PL,PL 4330/2004,2004,4330
796341,2015-04-15,MPV,MPV 660/2014,2014,660
946620,2015-04-16,PLP,PLP 13/2015,2015,13
267841,2015-04-22,PL,PL 4330/2004,2004,4330
18216,2015-04-23,PL,PL 2505/2000,2000,2505
619150,2015-04-27,PL,PL 7735/2014,2014,7735
412728,2015-04-28,PL,PL 4148/2008,2008,4148
298878,2015-05-05,PEC,PEC 457/2005,2005,457
865930,2015-05-06,MPV,MPV 665/2014,2014,665
865930,2015-05-07,MPV,MPV 665/2014,2014,665
860923,2015-05-12,MPV,MPV 663/2014,2014,663
865929,2015-05-13,MPV,MPV 664/2014,2014,664
865929,2015-05-14,MPV,MPV 664/2014,2014,664
944494,2015-05-19,MPV,MPV 668/2015,2015,668
944494,2015-05-20,MPV,MPV 668/2015,2015,668
373327,2015-05-26,PEC,PEC 182/2007,2007,182
373327,2015-05-27,PEC,PEC 182/2007,2007,182
373327,2015-05-28,PEC,PEC 182/2007,2007,182
373327,2015-06-10,PEC,PEC 182/2007,2007,182
373327,2015-06-11,PEC,PEC 182/2007,2007,182
373327,2015-06-16,PEC,PEC 182/2007,2007,182
996553,2015-06-17,MPV,MPV 670/2015,2015,670
373327,2015-06-17,PEC,PEC 182/2007,2007,182
1150196,2015-06-24,MPV,MPV 672/2015,2015,672
1050643,2015-06-25,PL,PL 863/2015,2015,863
1050788,2015-06-30,PLP,PLP 37/2015,2015,37
1228940,2015-06-30,REQ,REQ 1681/2015 => PL 1358/2015,2015,1681
14493,2015-07-01,PEC,PEC 171/1993,1993,171
14493,2015-07-02,PEC,PEC 171/1993,1993,171
1050558,2015-07-07,MPV,MPV 671/2015,2015,671
373327,2015-07-07,PEC,PEC 182/2007,2007,182
580148,2015-07-14,PL,PL 5735/2013,2013,5735
373327,2015-07-15,PEC,PEC 182/2007,2007,182
373327,2015-08-04,PEC,PEC 182/2007,2007,182
463155,2015-08-04,PEC,PEC 443/2009,2009,443
1514136,2015-08-04,PL,PL 2020/2015,2015,2020
463155,2015-08-06,PEC,PEC 443/2009,2009,443
463155,2015-08-11,PEC,PEC 443/2009,2009,443
373327,2015-08-12,PEC,PEC 182/2007,2007,182
1514014,2015-08-12,PL,PL 2016/2015,2015,2016
994612,2015-08-13,PLP,PLP 25/2015,2015,25
1570705,2015-08-18,REC,REC 49/2015 => PL 8170/2014,2015,49
14493,2015-08-19,PEC,PEC 171/1993,1993,171
1228455,2015-08-20,PDC,PDC 57/2015,2015,57
944251,2015-08-20,PL,PL 10/2015,2015,10
18180,2015-08-20,PL,PL 2479/2000,2000,2479
1673072,2015-08-25,REQ,REQ 1041/2015 CPIPETRO,2015,1041
1049167,2015-08-25,REQ,REQ 1041/2015 => PL 6232/2013,2015,1041
1050847,2015-08-25,REQ,REQ 1126/2015 => PL 3111/2012,2015,1126
1554118,2015-08-25,REQ,REQ 2409/2015 => PL 5230/2013,2015,2409
1671859,2015-08-25,REQ,REQ 2727/2015 => PL 8170/2014,2015,2727
304008,2015-08-26,PEC,PEC 471/2005,2005,471
351362,2015-08-26,PL,PL 1057/2007,2007,1057
526536,2015-08-26,PLP,PLP 106/2011,2011,106
